CREATED,PHONE,EMAIL,LOCAL ADDRESS,city
04/03/2017,(718) 326-0384,,"56-01 NURGE AVE., MASPETH, NY",NEW YORK
04/03/2017,(516) 223-2010,,"228 MILLER AVENUE, FREEPORT, NY",New York
03/01/2021,646-450-7057,davidzuidema@aol.com,"1274 49TH STREET SUITE #13G, BROOKLYN, NY",new york
04/03/2017,(718) 356-3936,,"67 EAST FIGUREA AVENUE, STATEN ISLAND, NY",New York
04/03/2017,(516) 660-1343,tom191@gmail.com,"855 E Broadway, Suite 5E, Long Beach, NY",New York
04/03/2017,(718) 893-9300,karenj@delaneylp.com,"421 MANIDA STREET, BRONX, NY",NEW YORK
04/03/2017,(718) 523-5332,daniloalvarez69@aim.com,"105-08 150TH STREET, JAMAICA, NY",New York
04/03/2017,(201) 507-5008,removemyjunk@aol.com,"555 INDUSTRIAL ROAD, CARLSTADT, NJ",new york
04/03/2017,(631) 777-1330,danielscarting@gmail.com,"55 TOLEDO STREET, FARMINGDALE, NY",New York
04/03/2017,(718) 805-7804,linda3286@aol.com,"101-22 107 STREET, OZONE PARK, NY",New York
04/03/2017,(914) 327-3130,info@prestigeindustry.com,"815 MCLEAN AVENUE, SUITE 2, YONKERS, NY",NEW YORK
04/03/2017,(855) 857-4733,mr.mehrel@bestsupercleaning.com,"120 CHURCH STREET, FREEPORT, NY",New York
04/03/2017,(718) 234-1313,kpwastedisposal@gmail.com,"P.O. BOX 190839, BROOKLYN, NY",new york
04/03/2017,(516) 431-5484,saxon_ltd@hotmail.com,"2794 SOUTH SHERIDAN WAY, OAKVILLE, ON",New York
04/03/2017,(718) 227-5570,jale0612@gmail.com,"4220 ARTHUR KILL ROAD, STATEN ISLAND, NY",New York
04/03/2017,(847) 367-5910,bronxcityrec@aol.com,"210 SHERWOOD AVENUE, FARMINGDALE, NY",NEW YORK
04/03/2017,(973) 465-1272,kpwastedisposal@gmail.com,"182 CALCUTTA STREET, NEWARK, NJ",New York
04/03/2017,(718) 331-5853,cd@approvedmedwaste.com,"6808 13TH AVENUE 1F, BROOKLYN, NY",new york
04/03/2017,(718) 945-6262,george@imvroswaste.com,"240 CROSS BAY BLVD, BROAD CHANNEL, NY",New York
04/03/2017,(212) 628-5207,vverrilli@aol.com,"232 EAST 84TH STREET, NEW YORK, NY",New York
04/03/2017,(973) 652-9794,rajabigapple@gmail.com,"46 MAITLAND AVENUE, HAWTHORNE, NJ",NEW YORK
04/03/2017,(877) 258-6577,msavino@centurywaste.com,"114-39 212TH STREET, CAMBRIA HEIGHTS, NY",New York
04/03/2017,(973) 465-3900,jale0612@gmail.com,"60 LOCKWOOD STREET, NEWARK, NJ",new york
04/03/2017,(718) 786-2504,andrew.semmonella@ironmountain.com,"2109 BORDEN AVENUE, #504, LONG ISLAND CITY, NY",New York
04/03/2017,(914) 421-0024,877789junk@gmail.com,"405 TARRYTOWN RD #1245, WHITE PLAINS, NY",New York
04/03/2017,(914) 447-4806,info@eastsidesupplies.com,"UPS STORE, 420 S. RIVERSIDE AVENUE, CROTON-ON-HUDSON, NY",NEW YORK
04/03/2017,(718) 860-6600,vdjnyrecycling@gmail.com,"531 BARRETTO STREET, BRONX, NY",New York
04/03/2017,(617) 628-8098,info@recyclego.com,"200 INNER BELT ROAD, SOMERVILLE, MA",new york
04/03/2017,(718) 446-7000,ststern26@gmail.com,"127-50 NORTHERN BLVD, FLUSHING, NY",New York
04/03/2017,(718) 658-7272,cvigilante@finocchiobros.com,"170-10 DOUGLAS AVENUE, JAMAICA, NY",New York
04/03/2017,(732) 225-2238,hlshbs89@gmail.com,"PO BOX 130, KEASBEY, NJ",NEW YORK
04/03/2017,(347) 918-0239,info@premierconstruction86.com,"382 WADSWORTH AVE 3F, NEW YORK, NY",New York
04/03/2017,(973) 691-7321,tonyses@aol.com,"1 EDEN LANE, FLANDERS, NJ",new york
04/03/2017,(800) 889-1254,prowasteinc@gmail.com,"P.O. BOX 60, BERKELEY HEIGHTS, NJ",New York
04/03/2017,(718) 386-7900,chumphreysystems@gmail.com,"123 VARICK AVENUE, BROOKLYN, NY",New York
04/03/2017,(718) 273-0657,stephenspallinojr@basinhaulage.com,"2 KINSEY PLACE, STATEN ISLAND, NY",NEW YORK
04/03/2017,(201) 863-3035,edaly735@gmail.com,"PO BOX 2596, SECAUCUS, NJ",New York
04/03/2017,(718) 698-9577,bob@borowiderecycling.com,"356 MEREDITH AVENUE, STATEN ISLAND, NY",new york
04/03/2017,(718) 775-0180,codenycllc@gmail.com,"15 CENTER DRIVE, MALBA, NY",New York
04/03/2017,(718) 287-0490,greenbaysanitation@gmail.com,"3023 VOORHIES AVENUE, BROOKLYN, NY",New York
04/03/2017,(201) 488-5015,liverpoolcarting@verizon.net,"P O BOX 50, RIDGEWOOD, NJ",NEW YORK
04/03/2017,(718) 399-3751,office@jeginc.org,"926 FULTON STREET STORE #2, BROOKLYN, NY",New York
04/03/2017,(718) 729-3018,cmiserv@aol.com,"38-40 REVIEW AVENUE, LONG ISLAND CITY, NY",new york
04/03/2017,(201) 863-1063,info@bhrestoration.com,"278 SECAUCUS ROAD, SECAUCUS, NJ",New York
04/03/2017,(973) 623-7600,mn@matandnuri.com,"300 FRANK W. BURR BLVD, STE. 39, TEANECK, NJ",New York
04/03/2017,(646) 302-3042,,"21 Porter Avenue, Brooklyn, NY",NEW YORK
04/03/2017,(516) 535-1170,valentinocarting@hotmail.com,"PO BOX 312, MILLER PLACE, NY",New York
04/03/2017,(212) 748-9956,touchupcrew@gmail.com,"510 E 13Th St, 1ST FLOOR, New York, NY",new york
04/03/2017,(718) 891-2696,linda3286@aol.com,"3165 HARKNESS AVENUE, BROOKLYN, NY",New York
04/03/2017,(718) 349-3094,duli@armyconstructionllc.com,"540 KINGSLAND AVENUE, BROOKLYN, NY",New York
04/03/2017,(732) 815-0220,info@flatrate-junkremoval.com,"928 EAST HAZELWOOD AVENUE, RAHWAY, NJ",NEW YORK
04/03/2017,(800) 701-6645,trisph@gmail.com,"390 MOONEY POND ROAD, FARMINGVILLE, NY",New York
04/03/2017,(800) 825-0630,sevenfloors@msn.com,"301 ROYCE FIELD RD., HILLSBOROUGH, NJ",new york
04/03/2017,(718) 739-2301,grbrotherstruckinginc@gmail.com,"17233 Douglas Ave, Jamaica, NY",New York
04/03/2017,(516) 766-2997,saxon_ltd@hotmail.com,"P.O.BOX. 402, OCEANSIDE, NY",New York
04/03/2017,(718) 542-3236,peter01corp@gmail.com,"337 COSTER STREET, BRONX, NY",NEW YORK
04/03/2017,(973) 595-5033,johncardieri@gmail.com,"158 LINWOOD AVE, PATERSON, NJ",New York
04/03/2017,(718) 885-7659,yw@yankels.com,"9413 51 AVE, ELMHURST, NY",new york
04/03/2017,(917) 742-3385,david.quinones@hydrochempsc.com,"2006 BOGART AVENUE, BRONX, NY",New York
04/03/2017,(718) 727-0100,bioenergyd@gmail.com,"117 DELAFIELD AVENUE, STATEN ISLAND, NY",New York
04/03/2017,(914) 664-4791,generalmanager@usashred.info,"110 EDISON AVENUE, MOUNT VERNON, NY",NEW YORK
04/03/2017,(609) 567-8280,mn@matandnuri.com,"P.O. BOX 1204, HAMMONTON, NJ",New York
04/03/2017,(718) 366-4900,ken@worldgrease.com,"57-52 49th Place, Maspeth, NY",new york
04/03/2017,(718) 824-4625,danielscarting@gmail.com,"3286 Country Club Rd, Bronx, NY",New York
04/03/2017,(718) 278-5174,liverpoolcarting@verizon.net,"2037 Hazen St, East Elmhurst, NY",New York
04/03/2017,(718) 222-4549,pernacarting@aol.com,"154 CONOVER STREET, BROOKLYN, NY",NEW YORK
04/03/2017,(718) 991-9700,flawrence.equicycle@yahoo.com,"PO BOX 888, SYOSSET, NY",New York
04/03/2017,(201) 772-8004,info@allshredding.com,"302 BELMONT AVENUE APT. 3, BELLEVILLE, NJ",new york
04/03/2017,(718) 274-5598,vparziale@gramercyusa.com,"37-39 9TH STREET, LONG ISLAND CITY, NY",New York
04/03/2017,(347) 581-9866,bandkmovinganddeliveryservices@hotmail.com,"368 EASTERN PARKWAY, SUITE 3C, BROOKLYN, NY",New York
04/03/2017,(201) 573-1400,samuelflrs1@gmail.com,"P.O BOX 8643, WOODCLIFF LAKE, NJ",NEW YORK
04/03/2017,(718) 530-3003,marvelsanitation@yahoo.com,"7925 150TH STREET APT. F22, FLUSHING, NY",New York
04/03/2017,(718) 366-6513,aceydeucy@live.com,"P.O. BOX 790058, MIDDLE VILLAGE, NY",new york
04/03/2017,(212) 267-9700,saxon_ltd@hotmail.com,"75 BATTERY PLACE, NEW YORK, NY",New York
04/03/2017,(718) 302-6672,ageequipment@verizon.net,"P.O. BOX 1771, LONG ISLAND CITY, NY",New York
04/03/2017,(718) 366-4017,dfiliberto@filcocarting.com,"340 MASPETH AVENUE, BROOKLYN, NY",NEW YORK
04/03/2017,(718) 423-6473,gonzaloaviles.ga@gmail.com,"49-60 ANNANDALE LANE, LITTLE NECK, NY",New York
04/03/2017,(718) 777-2262,bavarocorp@yahoo.com,"9 DIANAS CIRCLE, ROSLYN, NY",new york
04/03/2017,(570) 416-2700,francis.hill@junkluggers.com,"1444 E. LACKAWANNA AVENUE SUITE 216, OLYPHANT, PA",New York
04/03/2017,(347) 432-8548,marvelsanitation@yahoo.com,"829 Bay Ridge Avenue, 3F, Brooklyn, NY",New York
04/03/2017,(718) 326-7149,ronysservices@yahoo.com,"3 RAILROAD PLACE, MASPETH, NY",NEW YORK
04/03/2017,(718) 860-6071,tnt71@mrtcarting.com,"1390 VIELE AVENUE, BRONX, NY",New York
04/03/2017,(212) 674-2750,ted.panebianco@chhj.com,"513 E.13TH STREET STORE WEST, NEW YORK, NY",new york
04/03/2017,(718) 456-5000,jamesd@timeshred.com,"197 SNEDICKER AVENUE, BROOKLYN, NY",New York
04/03/2017,(516) 308-7735,kwncarting@gmail.com,"3562 LUFBERRY AVENUE, WANTAGH, NY",New York
04/03/2017,(844) 543-3966,timothyfulton@gmail.com,"P.O. BOX 905, KINGS PARK, NY",NEW YORK
04/03/2017,(917) 468-3315,nolson01@nyit.edu,"254 FANNING STREET, STATEN ISLAND, NY",New York
04/03/2017,(518) 943-9404,gonzaloaviles.ga@gmail.com,"P.O. BOX 731, CATSKILL, NY",new york
04/03/2017,(877) 285-5865,danielscarting@gmail.com,"115-26 209TH STREET, CAMBRIA HEIGHTS, NY",New York
04/03/2017,(908) 558-9540,angelat@tullyconstruction.com,"623 DOWD AVENUE, ELIZABETH, NJ",New York
04/03/2017,(973) 274-1008,dbenedetto@earthlink.net,"P.O. BOX 451, KEARNY, NJ",NEW YORK
04/03/2017,(718) 523-1881,mikep@aquatextransport.com,"P.O.BOX 350303, JAMAICA, NY",New York
04/03/2017,(718) 372-3887,james@vetmedwaste.com,"100-02  FARRAGUT RD., BROOKLYN, NY",new york
04/03/2017,(718) 328-8582,aaladwani@sharpsinc.com,"167 33 PORTER ROAD, JAMAICA, NY",New York
04/03/2017,(718) 846-6766,vparziale@gramercyusa.com,"PO BOX 350, CARLE PLACE, NY",New York
04/03/2017,(718) 599-9087,gferro10@yahoo.com,"60 ANTHONY STREET, BROOKLYN, NY",NEW YORK
04/03/2017,(973) 777-0600,graffix53@aol.com,"409 RIVER ROAD SUITE #1, CLIFTON, NJ",New York
04/03/2017,(973) 777-0600,smrubbish@aol.com,"409 RIVER ROAD SUITE #1, CLIFTON, NJ",new york
04/03/2017,(973) 777-0600,bzb321@gmail.com,"409 RIVER ROAD SUITE #1, CLIFTON, NJ",New York
04/03/2017,(718) 746-1497,88whaleshark@gmail.com,"154-05 12TH AVENUE, WHITESTONE, NY",New York
04/03/2017,(347) 558-6280,rydlcorp@gmail.com,"31-14 96 STREET, EAST ELMHURST, NY",NEW YORK
04/03/2017,(718) 658-0979,service@chelseasanitation.com,"85-41 159TH STREET, JAMAICA, NY",New York
04/03/2017,(718) 456-8261,huilong1980@gmail.com,"69-15 68TH STREET, GLENDALE, NY",new york
04/03/2017,(347) 880-2844,libertywasteinc@gmail.com,"1234 STRATFORD AVENUE, APT. 6B, BRONX, NY",New York
04/03/2017,(718) 273-9130,munassaryafee@gmail.com,"71 WINDOM AVENUE, STATEN ISLAND, NY",New York
04/03/2017,(877) 368-4611,j.b.relocation.services@gmail.com,"391 CORNELIA ST, BROOKLYN, NY",NEW YORK
04/06/2017,(718) 234-1313,bioenergyd@gmail.com,"P.O. BOX 190839, BROOKLYN, NY",New York
04/03/2017,(718) 833-1021,info@richmondcons.com,"149 52ND STREET, BROOKLYN, NY",new york
04/03/2017,(718) 527-1414,info@maximumcleaning.com,"75 AMBY AVENUE, PLAINVIEW, NY",New York
04/03/2017,(718) 803-9400,ted.panebianco@chhj.com,"P.O. BOX 1133, BETHPAGE, NY",New York
04/03/2017,(855) 228-6684,arance@cleanearthinc.com,"136 COIT STREET, IRVINGTON, NJ",NEW YORK
04/03/2017,(718) 622-1786,derekcooke@abbeyglen.com,"63 EMERSON PLACE, BROOKLYN, NY",New York
04/03/2017,(855) 429-6869,eccarting@yahoo.com,"2105 W County line Rd, Suite 1, JACKSON, NJ",new york
04/03/2017,(718) 965-4790,tom@skylinetransferllc.com,"P.O BOX 307, LAWRENCE, NY",New York
04/03/2017,(718) 777-7140,removeitnow3@gmail.com,"25-54 14TH STREET, ASTORIA, NY",New York
04/03/2017,(516) 239-2067,greg@cleanoutexpress.com,"32 Gates Ave, Inwood, NY",NEW YORK
04/03/2017,(718) 991-8143,5bwasteremoval@gmail.com,"625  WHITTIER STREET, BRONX, NY",New York
04/03/2017,(312) 546-8926,tom191@gmail.com,"111 WEST JACKSON BLVD. SUITE 720, CHICAGO, IL",new york
04/03/2017,(973) 465-1900,davidgreenstein@lakintire.com,"825 WILSON AVENUE, NEWARK, NJ",New York
04/03/2017,(201) 445-3188,pmrecyclingllc@gmail.com,"90 MIDLAND AVE, MIDLAND PARK, NJ",New York
04/03/2017,(718) 359-4300,samuelflrs1@gmail.com,"125-08 26TH AVENUE, FLUSHING, NY",NEW YORK
04/03/2017,(347) 733-8771,moransaportas@gmail.com,"770 EMPIRE BLVD #3A, BROOKLYN, NY",New York
04/03/2017,,office@classicrecycling.com,"297 OCEAN AVENUE #5B, BROOKLYN, NY",new york
04/03/2017,(201) 763-6302,cmiserv@aol.com,"182 HOWELL ST, JERSEY CITY, NJ",New York
04/03/2017,(631) 249-0004,aceydeucy@live.com,"164 CABOT STREET, WEST BABYLON, NY",New York
04/03/2017,(718) 398-6343,jamescoynegibbons@gmail.com,"9 PROSPECT PARK WEST, BROOKLYN, NY",NEW YORK
04/03/2017,(212) 228-2188,csullivan@termac.com,"P.O.BOX 496, NEW YORK, NY",New York
04/03/2017,(631) 600-2000,michael@powerflosewerservice.com,"136 ALLEN BOULEVARD, FARMINGDALE, NY",new york
04/03/2017,(212) 426-8500,service@chelseasanitation.com,"101 EAST 123RD STREET, NEW YORK, NY",New York
04/03/2017,(917) 557-0725,mike@ambrosinoconstruction.com,"1328 LELAND AVENUE #3, BRONX, NY",New York
04/03/2017,(201) 455-8566,licensing@smsholdings.com,"P.O. BOX 776, BAYONNE, NJ",NEW YORK
04/03/2017,(212) 431-5012,controlledcorp@gmail.com,"81 WORTH STREET, NEW YORK, NY",New York
04/03/2017,(203) 300-5704,joed@shredconfidential.com,"P O BOX 875, BETHEL, CT",new york
04/03/2017,(718) 495-5604,ntristani@fivestarcarting.com,"107 GEORGIA AVENUE - SUITE B, BROOKLYN, NY",New York
04/03/2017,(973) 601-9212,cambridgehome@msn.com,"227 US HIGHWAY 206, SUITE 31, FLANDERS, NJ",New York
04/03/2017,(631) 395-9888,saxon_ltd@hotmail.com,"40 ZORN BLVD, YAPHANK, NY",NEW YORK
04/03/2017,(212) 909-9595,info@flaterate-junkremoval.com,"341 WHIPPOORWILL ROAD, CHAPPAQUA, NY",New York
04/03/2017,(347) 247-9057,bandkmovinganddeliveryservices@hotmail.com,"15064 32Nd Ave, Flushing, NY",new york
04/03/2017,(718) 446-7000,csullivan@termac.com,"127-50 NORTHERN BLVD, FLUSHING, NY",New York
04/03/2017,(347) 752-0206,office@classicrecycling.com,"105-33 92ND STREET, OZONE PARK, NY",New York
04/03/2017,(718) 292-0649,licensing@rti-inc.com,"429 CASANOVA STREET, BRONX, NY",NEW YORK
04/03/2017,(347) 832-7887,salcoindustries@gmail.com,"223 BEDFORD AVENUE #76, BROOKLYN, NY",New York
04/03/2017,(718) 216-0276,pernacarting@aol.com,"119-58 27TH AVE APT. E-2, FLUSHING, NY",new york
04/03/2017,(718) 456-5000,nolson01@nyit.edu,"197 SNEDICKER AVENUE, BROOKLYN, NY",New York
04/03/2017,(718) 456-5000,mbprotectservices@gmail.com,"197 SNEDICKER, BROOKLYN, NY",New York
04/03/2017,(203) 869-9099,francis.hill@junkluggers.com,"49 LIBERTY PLACE, STAMFORD, CT",NEW YORK
04/03/2017,(718) 720-4650,denise.krous@veolia.com,"11 FERRY STREET, STATEN ISLAND, NY",New York
04/03/2017,(212) 673-6194,bestrubbishservices@gmail.com,"P. O. BOX 832, LIVINGSTON, NJ",new york
04/03/2017,800-299-JUNK,logitechtransport@aol.com,"1100 CONEY ISLAND - STE 402, BROOKLYN, NY",New York
04/03/2017,(917) 717-8143,hpbhauling@verizon.net,"60-41 CATALPA AVEUE, RIDGEWOOD, NY",New York
04/03/2017,(347) 809-4110,wdorish@aol.com,"84 78 160TH STREET, JAMAICA, NY",NEW YORK
04/03/2017,(215) 332-2100,jrallora@oilmatic.com,"7330 TULIP STREET, PHILADELPHIA, PA",New York
04/03/2017,(718) 715-7150,rduffy@danielshealth.com,"1835 130Th St, College Point, NY",new york
04/03/2017,(718) 720-7220,michaeldid8200@gmail.com,"25 VAN STREET, STATEN ISLAND, NY",New York
04/03/2017,(718) 417-1662,ppoilwaste@gmail.com,"6019 Grove St, Apt 1L, Ridgewood, NY",New York
04/03/2017,(516) 390-9466,cd@approvedmedwaste.com,"174A MILLER PL, HICKSVILLE, NY",NEW YORK
04/03/2017,(917) 842-5780,disrael0109@gmail.com,"67-49 185 STREET, FRESH MEADOWS, NY",New York
04/03/2017,(212) 235-2650,popagino1@aol.com,"535 W. 24TH STREET FLOOR 4, NEW YORK, NY",new york
04/03/2017,(201) 428-1403,bayan_ali16@yahoo.com,"4701 Greenpoint Ave, PO Box 243, Sunnyside, NY",New York
04/03/2017,(718) 435-3700,ivette.perez@caraustar.com,"35 CHURCH AVENUE, BROOKLYN, NY",New York
04/03/2017,(718) 428-1939,anthony@apachenv.com,"25319 Northern Blvd, Little Neck, NY",NEW YORK
04/03/2017,(718) 209-0909,fdseoul119@gmail.com,"745 43RD STREET, 1ST FLOOR, BROOKLYN, NY",New York
04/03/2017,(516) 431-1637,okoraia@iguanaservices.com,"41 OREGON STREET, LONG BEACH, NY",new york
04/03/2017,(646) 863-3297,gferro10@yahoo.com,"3681 BROADWAY #6, NEW YORK, NY",New York
04/03/2017,(718) 301-9797,jcastoire@prattindustries.com,"P.O. BOX 100772, BROOKLYN, NY",New York
04/03/2017,(516) 279-4531,oceanriver888@hotmail.com,"1 ALBERTSON AVE  SUITE #4, ALBERTSON, NY",NEW YORK
04/03/2017,(718) 768-3700,dobrien@iwt-inc.com,"1033 86TH STREET, BROOKLYN, NY",New York
04/03/2017,(646) 739-8783,ifmcontracting@gmail.com,"97-23 84TH STREET, OZONE PARK, NY",new york
04/03/2017,(718) 361-5255,allgoneremoval@aol.com,"38-25 10TH STREET, LONG ISLAND CITY, NY",New York
04/03/2017,(718) 450-1851,vikingsanitation@comcast.net,"145 EAST 91ST STREET, BROOKLYN, NY",New York
04/03/2017,(516) 877-0100,gonzaloaviles.ga@gmail.com,"P.O. BOX 20274, FLORAL PARK, NY",NEW YORK
04/03/2017,(845) 705-7279,dandninc@aol.com,"16 GRIFFEN STREET, POUGHQUAG, NY",New York
04/03/2017,(718) 788-3479,lpiecora@ritewaydemolition.com,"21 NEW LANE, STATEN ISLAND, NY",new york
04/03/2017,(201) 443-3000,dinom111@aol.com,"99 WOOD AVENUE SOUTH, SUITE 1001, ISELIN, NJ",New York
04/03/2017,(516) 682-9283,kingscountycartingcorp@gmail.com,"PO BOX 3283 CHURCH STREET STATION, NEW YORK, NY",New York
04/03/2017,(631) 225-3044,unitedsanitation@aol.com,"690 N. QUEENS AVE., LINDENHURST, NY",NEW YORK
04/03/2017,(646) 479-8792,stephenspallinojr@basinhaulage.com,"15 ORCHARD TERRACE, MONROE, NY",New York
04/03/2017,(201) 868-3081,eric@coppolacorp.com,"6600 BLVD EAST SUITE 5M, WEST NEW YORK, NJ",new york
04/03/2017,(201) 567-6391,michael.grosso40@gmail.com,"24 RIVER ROAD SUITE 205, BOGOTA, NJ",New York
04/03/2017,(718) 236-8771,service@chelseasanitation.com,"23 BOWLING GREEN PLACE, STATEN ISLAND, NY",New York
04/03/2017,(917) 292-4949,j.b.relocation.services@gmail.com,"680 W 232 STREET, BRONX, NY",NEW YORK
04/03/2017,(516) 903-9158,dyoungen@triumvirate.com,"558 TIFFANY STREET, BRONX, NY",New York
04/03/2017,(718) 441-2517,regencyrecycling@aol.com,"116-14 BESSEMER STREET, RICHMOND HILL, NY",new york
04/03/2017,(718) 946-6161,willo.trucking@yahoo.com,"2951 MONTGOMERY STREET, WANTAGH, NY",New York
04/03/2017,(718) 369-1312,ronstruckingcorp@yahoo.com,"P.O. Box 320358, Brooklyn, NY",New York
04/03/2017,(718) 871-9822,everestcy@aol.com,"1325 61ST STREET, BROOKLYN, NY",NEW YORK
04/03/2017,(877) 789-5865,contactus@1800mrrubbish.com,"266 ROUTE 109, FARMINGDALE, NY",New York
04/03/2017,(512) 826-4423,dobrien@iwt-inc.com,"10 JONES ST. APT. 5E, NEW YORK, NY",new york
04/03/2017,(646) 590-0695,midlandcarting@optonline.net,"156 W.29TH ST FL3, NEW YORK, NY",New York
04/03/2017,(646) 371-2167,fdseoul119@gmail.com,"314 VIRGINIA AVE, STATEN ISLAND, NY",New York
04/03/2017,(917) 775-2259,kingscountycartingcorp@gmail.com,"35-58 168 ST, FLUSHING, NY",NEW YORK
04/03/2017,(646) 535-3476,info@migliorerestoration.com,"4008 WICKHAM AVE UNIT B1, BRONX, NY",New York
04/03/2017,(516) 489-3708,jmcleanouts@aol.com,"900 MERCHANTS CONCOURSE SUITE 214, WESTBURY, NY",new york
04/03/2017,(718) 381-6506,hpbhauling@verizon.net,"63-07 71ST STREET, MIDDLE VILLAGE, NY",New York
04/03/2017,(718) 293-9696,jscframing2017@gmail.com,"285 EAST 165TH STREET, BRONX, NY",New York
04/03/2017,(347) 787-0713,sfried@cyntox.com,"200 Highland Blvd, Apt 1B, Brooklyn, NY",NEW YORK
04/03/2017,(203) 932-5801,oildoctor2015@gmail.com,"240/220 FRONTAGE ROAD, WEST HAVEN, CT",New York
04/03/2017,(516) 354-6583,contactus@1800mrrubbish.com,"94-02 150TH STREET, JAMAICA, NY",new york
04/03/2017,(516) 523-1242,anthonyrubbish613@gmail.com,"113 Rockaway Ave, Westbury, NY",New York
04/03/2017,(718) 575-5466,kingscountycartingcorp@gmail.com,"120-10 QUEENS BLVD, KEW GARDENS, NY",New York
04/03/2017,(718) 993-4525,ben.velocci@avidwaste.com,"5 BRUCKNER BOULEVARD, BRONX, NY",NEW YORK
04/03/2017,(718) 871-7722,perciballics@aol.com,"1321  61 STREET, BROOKLYN, NY",New York
04/03/2017,(516) 414-6728,info@nyccag.com,"231 HOPPER STREET, WESTBURY, NY",new york
04/03/2017,(212) 982-1284,oildoctor2015@gmail.com,"33-56 11TH STREET, QUEENS, NY",New York
04/03/2017,(973) 539-6433,justrubbish1@gmail.com,"51 TARN DRIVE, MORRIS PLAINS, NJ",New York
04/03/2017,(212) 689-0332,ppretto@allsaintsent.com,"P O BOX 5038, WEST BABYLON, NY",NEW YORK
04/03/2017,(201) 867-4098,losdosasesinc@gmail.com,"38 POCAHONTAS PATH, LINCOLN PARK, NJ",New York
04/03/2017,(973) 274-1002,bronxcityrec@aol.com,"P.O. BOX 497, KEARNY, NJ",new york
04/03/2017,(212) 470-2359,cperfetto@perfettoent.com,"152-154 W. 141 ST APT 3C, NEW YORK, NY",New York
04/03/2017,(917) 335-4570,ljannotte@stericycle.com,"142-28 230TH PL, QUEENS, NY",New York
04/03/2017,(718) 498-4763,info@amanocarting.com,"983 UTICA AVENUE, BROOKLYN, NY",NEW YORK
04/03/2017,(908) 206-0223,info@eastsidesupplies.com,"975 FLOYD TERR, UNION, NJ",New York
04/03/2017,(718) 659-0760,johncardieri@gmail.com,"111-23 157TH STREET, JAMAICA, NY",new york
04/03/2017,(718) 257-8584,licensing@smsholdings.com,"847 SHEPHERD AVENUE, BROOKLYN, NY",New York
04/03/2017,(718) 543-1900,bic@redbags.com,"5778 MOSHOLU AVENUE, BRONX, NY",New York
04/23/2018,,leounitedbrothers@gmail.com,,NEW YORK
04/03/2017,(718) 893-4256,steve@americanshredding1.com,"408 COSTER STREET, BRONX, NY",New York
04/03/2017,(718) 965-4883,greennetworkny@gmail.com,"4822 3RD AVENUE, BROOKLYN, NY",new york
04/03/2017,(516) 799-8047,office@jeginc.org,"PO BOX 303, MASSAPEQUA PARK, NY",New York
04/03/2017,34735006892,aceydeucy@live.com,"1579 E 28Th St, Brooklyn, NY",New York
04/03/2017,(718) 448-3147,prietoenterprisesllc@gmail.com,"83 JEWETT AVENUE, STATEN ISLAND, NY",NEW YORK
04/03/2017,(718) 646-1261,greenbaysanitation@gmail.com,"223 ALLEN AVENUE, BROOKLYN, NY",New York
04/03/2017,(914) 699-9021,gegashpetim@gmail.com,"60 SOUTH STREET, MT VERNON, NY",new york
04/03/2017,(732) 738-6000,jale0612@gmail.com,"P.O. BOX 290, KEASBEY, NJ",New York
04/03/2017,(917) 789-9963,cmiserv@aol.com,"1588 E. 34TH ST., BROOKLYN, NY",New York
04/03/2017,(718) 366-0834,vmontecalvo@bayshorerecycling.com,"73-10 EDSALL AVENUE, GLENDALE, NY",NEW YORK
04/03/2017,(718) 384-4846,bzb321@gmail.com,"666 FLUSHING AVE, BROOKLYN, NY",New York
04/03/2017,(917) 273-8368,dyoungen@triumvirate.com,"7135 CHARLOTTE PIKE, SUITE 100, NASHVILLE, TN",new york
04/03/2017,(718) 351-6273,lomanginobros@hotmail.com,"856 RICHMOND ROAD, STATEN ISLAND, NY",New York
04/03/2017,(718) 210-3290,ranianyc@aol.com,"9101 Shore Rd, APT. 601, Brooklyn, NY",New York
04/03/2017,(877) 876-3928,smrubbish@aol.com,"443 SCHILLER ST, ELIZABETH, NJ",NEW YORK
04/03/2017,(631) 706-3131,mike@ambrosinoconstruction.com,"160 WILBUR PLACE, SUITE 300, BOHEMIA, NY",New York
04/03/2017,(845) 306-1833,cvigilante@finocchiobros.com,"9 FAIR STREET, CARMEL, NY",new york
04/03/2017,(718) 208-5462,amalek@contractor.net,"11 DANA STREET, STATEN ISLAND, NY",New York
04/03/2017,(516) 876-0404,sean@redbags.com,"3000 BURNS AVENUE, WANTAGH, NY",New York
04/03/2017,(914) 663-6868,keycontainerservice@yahoo.com,"138 SOUTH COLUMBUS AVE, MOUNT VERNON, NY",NEW YORK
04/03/2017,(347) 498-1354,rocollectorsny@yahoo.com,"703 EAST 134TH STREET, BRONX, NY",New York
04/03/2017,(646) 706-2660,mike@alloccorecycling.com,"31-28 137TH ST., 2 FL, FLUSHING, NY",new york
04/03/2017,(732) 324-9890,rrm12@optonline.net,"P.O. BOX 185, KEASBEY, NJ",New York
04/03/2017,(973) 279-0003,info@maximumcleaning.com,"P.O. BOX 206, PATERSON, NJ",New York
04/03/2017,(973) 579-5860,michaeld555@optonline.net,"187 ROUTE 94, LAFAYETTE, NJ",NEW YORK
04/03/2017,(708) 326-3900,midlandcarting@optonline.net,"19065 HICKORY CREEK DRIVE SUITE 240, MOKENA, IL",New York
04/03/2017,(718) 451-0366,salcoindustries@gmail.com,"5112 FOSTER AVE, BROOKLYN, NY",new york
04/03/2017,(212) 532-9191,ciwastemanagement@gmail.com,"280 MADISON AVENUE ROOM 900, NEW YORK, NY",New York
04/03/2017,(718) 351-3373,erincon@ecerestoration.com,"586A MIDLAND AVENUE, 2ND FLOOR, STATEN ISLAND, NY",New York
04/03/2017,(718) 442-4212,ruanminying0826@gmail.com,"2074 RICHMOND TERRACE, STATEN ISLAND, NY",NEW YORK
04/03/2017,(718) 585-5898,envirogreensolutions19@gmail.com,"P.O. BOX 20654, NEW YORK, NY",New York
04/03/2017,(347) 754-2370,bronxcityrec@aol.com,"119 GRANT AVENUE, BROOKLYN, NY",new york
04/03/2017,(718) 370-1114,info@destructionpros.com,"4435 VICTORY BOULEVARD, STATEN ISLAND, NY",New York
04/21/2017,(518) 943-9404,tupu310@aol.com,"P.O. BOX 731, CATSKILL, NY",New York
04/03/2017,(718) 468-6900,edaly735@gmail.com,"204-08 JAMAICA AVENUE, HOLLIS, NY",NEW YORK
04/03/2017,(718) 609-0111,ghamerican@yahoo.com,"45-42 PEARSON STREET, LONG ISLAND CITY, NY",New York
04/03/2017,(877) 704-0003,allgoneremoval@aol.com,"1375 EAST 7TH STREET, BROOKLYN, NY",new york
04/03/2017,(347) 848-7845,stephenspallinojr@basinhaulage.com,"P.O.BOX 61058, STATEN ISLAND, NY",New York
04/03/2017,(718) 232-2210,fantasticwaste@icloud.com,"225 EAST 2ND STREET, BROOKLYN, NY",New York
04/03/2017,(847) 640-6653,christina@westshoretrucking.com,"5151 San Felipe St SUITE 1100, Houston, TX",NEW YORK
04/03/2017,(516) 342-5551,eccarting@yahoo.com,"PO BOX 594, DEER PARK, NY",New York
04/03/2017,(718) 875-3437,jose.class@pscnow.corp,"260 BUTLER STREET, BROOKLYN, NY",new york
04/03/2017,(718) 585-5236,rachelle@citywidesewers.com,"432 WALES AVENUE, BRONX, NY",New York
04/03/2017,(516) 541-1557,cmahoney@secureshredinfo.com,"135 SHOREHAM RD, MASSAPEQUA, NY",New York
04/03/2017,(877) 556-5865,georgia@hermeswaste.net,"11 Harts Ln, Suite E, East Brunswick, NJ",NEW YORK
04/03/2017,(646) 203-1037,losdosasesinc@gmail.com,"8566 FOREST PARK WAY SECOND FLOOR, WOODHAVEN, NY",New York
04/03/2017,(718) 322-1123,ggrepairs@live.com,"13318 130TH PL,, SOUTH OZONE PARK, NY",new york
04/03/2017,(718) 880-0268,licensing@rti-inc.com,"P. O. BOX 1014, BRONX, NY",New York
04/03/2017,(718) 205-5188,nrogers@synagro.com,"58-86 GRAND AVENUE, MASPETH, NY",New York
04/03/2017,(914) 417-4123,kingscountycartingcorp@gmail.com,"5 WEST MAIN STREET, SUITE 200, ELMSFORD, NY",NEW YORK
04/03/2017,(718) 525-7100,timothyfulton@gmail.com,"24810 Brookville Blvd, Rosedale, NY",New York
04/03/2017,(646) 322-6630,cd@approvedmedwaste.com,"67-58 79TH STREET, MIDDLE VILLAGE, NY",new york
04/03/2017,(201) 333-5244,priorityfirstcarting@gmail.com,"1 CAVEN POINT AVENUE, JERSEY CITY, NJ",New York
04/03/2017,(347) 683-3660,vparziale@gramercyusa.com,"257 GRAND STREET P.O BOX 80, BROOKLYN, NY",New York
04/03/2017,(646) 436-6512,mike@alloccorecycling.com,"775 EAGLE AVENUE, APT. 4F, BRONX, NY",NEW YORK
04/03/2017,(201) 636-9900 EXT 9501,ppoilwaste@gmail.com,"74 KENNY PLACE, SADDLE BROOK, NJ",New York
04/03/2017,(651) 796-1600,greenbaysanitation@gmail.com,"2250 PILOT KNOB ROAD, MENDOTA HEIGHTS, MN",new york
04/03/2017,(718) 458-8900,office@classicrecycling.com,"6405 34Th Ave, Woodside, NY",New York
04/03/2017,(914) 423-1773,sean@redbags.com,"53 TORRE PLACE, YONKERS, NY",New York
04/03/2017,(718) 468-8679,smrubbish@aol.com,"187 40 HOLLIS AVENUE, HOLLIS, NY",NEW YORK
04/04/2017,(718) 287-0490,priorityfirstcarting@gmail.com,"3023 VOORHIES AVENUE, BROOKLYN, NY",New York
04/04/2017,(201) 488-5015,francowaste@gmail.com,"P O BOX 50, RIDGEWOOD, NJ",new york
04/04/2017,(718) 399-3751,keycontainerservice@yahoo.com,"926 FULTON STREET STORE #2, BROOKLYN, NY",New York
04/04/2017,(718) 729-3018,gheichel@o2.pl,"38-40 REVIEW AVENUE, LONG ISLAND CITY, NY",New York
04/04/2017,(201) 863-1063,ageequipment@verizon.net,"278 SECAUCUS ROAD, SECAUCUS, NJ",NEW YORK
04/04/2017,(973) 623-7600,tupu310@aol.com,"300 FRANK W. BURR BLVD, STE. 39, TEANECK, NJ",New York
04/04/2017,(646) 302-3042,ncastro@njcassociates.com,"21 Porter Avenue, Brooklyn, NY",new york
04/04/2017,(516) 535-1170,nmdemolition@aol.com,"PO BOX 312, MILLER PLACE, NY",New York
04/04/2017,(212) 748-9956,steve.cskenergy@gmail.com,"510 E 13Th St, 1ST FLOOR, New York, NY",New York
04/04/2017,(516) 308-7735,buildrusny@gmail.com,"3562 LUFBERRY AVENUE, WANTAGH, NY",NEW YORK
04/04/2017,(718) 891-2696,peter01corp@gmail.com,"3165 HARKNESS AVENUE, BROOKLYN, NY",New York
04/04/2017,(718) 349-3094,oildoctor2015@gmail.com,"540 KINGSLAND AVENUE, BROOKLYN, NY",new york
04/04/2017,(732) 815-0220,flashrecycling@yahoo.com,"928 EAST HAZELWOOD AVENUE, RAHWAY, NJ",New York
04/04/2017,(800) 701-6645,removeallmyjunk@gmail.com,"390 MOONEY POND ROAD, FARMINGVILLE, NY",New York
04/04/2017,(800) 825-0630,licensing@rti-inc.com,"301 ROYCE FIELD RD., HILLSBOROUGH, NJ",NEW YORK
04/04/2017,(718) 739-2301,anthonyrubbish613@gmail.com,"17233 Douglas Ave, Jamaica, NY",New York
04/04/2017,(516) 766-2997,jcastoire@prattindustries.com,"P.O.BOX. 402, OCEANSIDE, NY",new york
04/04/2017,(718) 542-3236,daniloalvarez69@aim.com,"337 COSTER STREET, BRONX, NY",New York
04/04/2017,(973) 595-5033,sleone@thesmartercarter.com,"158 LINWOOD AVE, PATERSON, NJ",New York
04/04/2017,(718) 885-7659,abbys@1800mrrubbish.com,"9413 51 AVE, ELMHURST, NY",NEW YORK
04/04/2017,(917) 742-3385,mwilenta@wilenta.com,"2006 BOGART AVENUE, BRONX, NY",New York
04/04/2017,(718) 727-0100,priorityfirstcarting@gmail.com,"117 DELAFIELD AVENUE, STATEN ISLAND, NY",new york
04/04/2017,(914) 664-4791,smtirerecycling@aol.com,"110 EDISON AVENUE, MOUNT VERNON, NY",New York
04/04/2017,(609) 567-8280,877789junk@gmail.com,"P.O. BOX 1204, HAMMONTON, NJ",New York
04/04/2017,(718) 366-4900,bandkmovinganddeliveryservices@hotmail.com,"57-52 49th Place, Maspeth, NY",NEW YORK
04/04/2017,(718) 824-4625,kosilka@wm.com,"3286 Country Club Rd, Bronx, NY",New York
04/04/2017,(718) 278-5174,bic@redbags.com,"2037 Hazen St, East Elmhurst, NY",new york
04/04/2017,(718) 222-4549,number1waste@gmail.com,"154 CONOVER STREET, BROOKLYN, NY",New York
04/04/2017,(718) 991-9700,msavino@centurywaste.com,"PO BOX 888, SYOSSET, NY",New York
04/04/2017,(201) 772-8004,gegashpetim@gmail.com,"302 BELMONT AVENUE APT. 3, BELLEVILLE, NJ",NEW YORK
04/04/2017,(718) 274-5598,gbianco@mprnyc.com,"37-39 9TH STREET, LONG ISLAND CITY, NY",New York
04/04/2017,(347) 581-9866,sfried@cyntox.com,"368 EASTERN PARKWAY, SUITE 3C, BROOKLYN, NY",new york
04/04/2017,(718) 530-3003,fdseoul119@gmail.com,"7925 150TH STREET APT. F22, FLUSHING, NY",New York
04/04/2017,(718) 366-6513,saxon_ltd@hotmail.com,"P.O. BOX 790058, MIDDLE VILLAGE, NY",New York
04/04/2017,(212) 267-9700,dinom111@aol.com,"75 BATTERY PLACE, NEW YORK, NY",NEW YORK
04/04/2017,(718) 302-6672,popagino1@aol.com,"P.O. BOX 1771, LONG ISLAND CITY, NY",New York
04/04/2017,(718) 366-4017,davidgreenstein@lakintire.com,"340 MASPETH AVENUE, BROOKLYN, NY",new york
04/04/2017,(718) 423-6473,ljannottee@stericycle.com,"49-60 ANNANDALE LANE, LITTLE NECK, NY",New York
04/04/2017,(718) 777-2262,info@nyccag.com,"9 DIANAS CIRCLE, ROSLYN, NY",New York
04/04/2017,(570) 416-2700,ronstruckingcorp@yahoo.com,"1444 E. LACKAWANNA AVENUE SUITE 216, OLYPHANT, PA",NEW YORK
04/04/2017,(347) 432-8548,franco@francowaste.com,"829 Bay Ridge Avenue, 3F, Brooklyn, NY",New York
04/04/2017,(718) 326-7149,greg@cleanoutexpress.com,"3 RAILROAD PLACE, MASPETH, NY",new york
04/04/2017,(718) 860-6071,ted.panebianco@chhj.com,"1390 VIELE AVENUE, BRONX, NY",New York
04/04/2017,(212) 674-2750,james@vetmedwaste.com,"513 E.13TH STREET STORE WEST, NEW YORK, NY",New York
04/04/2017,(718) 456-5000,joed@shredconfidential.com,"197 SNEDICKER AVENUE, BROOKLYN, NY",NEW YORK
04/04/2017,(844) 543-3966,2019-02-01,"P.O. BOX 905, KINGS PARK, NY",New York
06/19/2017,(718) 803-9400,jrallora@oilmatic.com,"P.O. BOX 1133, BETHPAGE, NY",new york
04/04/2017,(917) 468-3315,removemyjunk@aol.com,"254 FANNING STREET, STATEN ISLAND, NY",New York
04/04/2017,(518) 943-9404,munassaryafee@gmail.com,"P.O. BOX 731, CATSKILL, NY",New York
04/04/2017,(877) 285-5865,matt@indcarting.com,"115-26 209TH STREET, CAMBRIA HEIGHTS, NY",NEW YORK
04/04/2017,(908) 558-9540,erincon@ecerestoration.com,"623 DOWD AVENUE, ELIZABETH, NJ",New York
04/04/2017,(973) 274-1008,eric@coppolacorp.com,"P.O. BOX 451, KEARNY, NJ",new york
04/04/2017,(718) 523-1881,licensing@smsholdings.com,"P.O.BOX 350303, JAMAICA, NY",New York
04/04/2017,(718) 372-3887,dfiliberto@filcocarting.com,"100-02  FARRAGUT RD., BROOKLYN, NY",New York
04/04/2017,(718) 328-8582,mn@matandnuri.com,"167 33 PORTER ROAD, JAMAICA, NY",NEW YORK
04/04/2017,(718) 846-6766,gonzaloaviles.ga@gmail.com,"PO BOX 350, CARLE PLACE, NY",New York
04/04/2017,(718) 599-9087,bzb321@gmail.com,"60 ANTHONY STREET, BROOKLYN, NY",new york
04/04/2017,(973) 777-0600,smrubbish@aol.com,"409 RIVER ROAD SUITE #1, CLIFTON, NJ",New York
04/04/2017,(973) 777-0600,eli.rowe@lioncage.com,"409 RIVER ROAD SUITE #1, CLIFTON, NJ",New York
04/04/2017,(973) 777-0600,andrew.semmonella@ironmountain.com,"409 RIVER ROAD SUITE #1, CLIFTON, NJ",NEW YORK
04/04/2017,(718) 746-1497,anthony@apachenv.com,"154-05 12TH AVENUE, WHITESTONE, NY",New York
04/04/2017,(347) 558-6280,info@flatrate-junkremoval.com,"31-14 96 STREET, EAST ELMHURST, NY",new york
04/04/2017,(718) 658-0979,samuelflrs1@gmail.com,"85-41 159TH STREET, JAMAICA, NY",New York
04/04/2017,(718) 456-8261,cacrown@aol.com,"69-15 68TH STREET, GLENDALE, NY",New York
04/04/2017,(347) 880-2844,davidzuidema@aol.com,"1234 STRATFORD AVENUE, APT. 6B, BRONX, NY",NEW YORK
04/04/2017,(718) 273-9130,karenj@delaneylp.com,"71 WINDOM AVENUE, STATEN ISLAND, NY",New York
04/04/2017,(877) 368-4611,office@classicrecycling.com,"391 CORNELIA ST, BROOKLYN, NY",new york
04/04/2017,(201) 573-1400,erincon@ecerestoration.com,"P.O BOX 8643, WOODCLIFF LAKE, NJ",New York
04/04/2017,(718) 833-1021,huilong1980@gmail.com,"149 52ND STREET, BROOKLYN, NY",New York
04/04/2017,(718) 527-1414,rrm12@optonline.net,"75 AMBY AVENUE, PLAINVIEW, NY",NEW YORK
04/04/2017,(718) 803-9400,vdjnyrecycling@gmail.com,"P.O. BOX 1133, BETHPAGE, NY",New York
04/04/2017,(855) 228-6684,danielscarting@gmail.com,"136 COIT STREET, IRVINGTON, NJ",new york
04/04/2017,(718) 622-1786,wdorish@aol.com,"63 EMERSON PLACE, BROOKLYN, NY",New York
04/04/2017,(855) 429-6869,khalid.faiz@stericycle.com,"2105 W County line Rd, Suite 1, JACKSON, NJ",New York
04/04/2017,(718) 965-4790,info@premierconstruction86.com,"P.O BOX 307, LAWRENCE, NY",NEW YORK
04/04/2017,(718) 777-7140,kpwastedisposal@gmail.com,"25-54 14TH STREET, ASTORIA, NY",New York
04/04/2017,(516) 239-2067,steve.cskenergy@gmail.com,"32 Gates Ave, Inwood, NY",new york
04/04/2017,(718) 991-8143,pernacarting@aol.com,"625  WHITTIER STREET, BRONX, NY",New York
04/04/2017,(312) 546-8926,removemyjunk@aol.com,"111 WEST JACKSON BLVD. SUITE 720, CHICAGO, IL",New York
04/04/2017,(973) 465-1900,msinisi@nyc.rr.com,"825 WILSON AVENUE, NEWARK, NJ",NEW YORK
04/04/2017,(201) 445-3188,klittle@danielshealth.com,"90 MIDLAND AVE, MIDLAND PARK, NJ",New York
04/04/2017,(718) 359-4300,libertywasteinc@gmail.com,"125-08 26TH AVENUE, FLUSHING, NY",new york
07/21/2017,(718) 803-9400,nqintegritygc@gmail.com,"P.O. BOX 1133, BETHPAGE, NY",New York
04/04/2017,(212) 235-2650,ststern26@gmail.com,"535 W. 24TH STREET FLOOR 4, NEW YORK, NY",New York
04/04/2017,(347) 733-8771,jerrytherubbishman@gmail.com,"770 EMPIRE BLVD #3A, BROOKLYN, NY",NEW YORK
04/04/2017,,eccarting@yahoo.com,"297 OCEAN AVENUE #5B, BROOKLYN, NY",New York
04/04/2017,(201) 763-6302,flashrecycling@yahoo.com,"182 HOWELL ST, JERSEY CITY, NJ",new york
04/04/2017,(631) 249-0004,dawntorres@gmail.com,"164 CABOT STREET, WEST BABYLON, NY",New York
04/04/2017,(718) 398-6343,davidgreenstein@lakintire.com,"9 PROSPECT PARK WEST, BROOKLYN, NY",New York
04/04/2017,(212) 228-2188,amanocartingny@gmail.com,"P.O.BOX 496, NEW YORK, NY",NEW YORK
04/04/2017,(631) 600-2000,bjohn7568@yahoo.com,"136 ALLEN BOULEVARD, FARMINGDALE, NY",New York
04/04/2017,(212) 426-8500,xsisi98@gmail.com,"101 EAST 123RD STREET, NEW YORK, NY",new york
04/04/2017,(917) 557-0725,ot7200@aol.com,"1328 LELAND AVENUE #3, BRONX, NY",New York
04/04/2017,(201) 455-8566,medusacon@gmail.com,"P.O. BOX 776, BAYONNE, NJ",New York
04/04/2017,(212) 431-5012,michael.grosso40@gmail.com,"81 WORTH STREET, NEW YORK, NY",NEW YORK
04/04/2017,(203) 300-5704,lomanginobros@hotmail.com,"P O BOX 875, BETHEL, CT",New York
04/04/2017,(718) 495-5604,rachelle@citywidesewers.com,"107 GEORGIA AVENUE - SUITE B, BROOKLYN, NY",new york
04/04/2017,(631) 395-9888,lomanginobros@hotmail.com,"40 ZORN BLVD, YAPHANK, NY",New York
04/04/2017,(212) 909-9595,frontoffice@njmedicalwaste.com,"341 WHIPPOORWILL ROAD, CHAPPAQUA, NY",New York
04/04/2017,(347) 247-9057,michaeldid8200@gmail.com,"15064 32Nd Ave, Flushing, NY",NEW YORK
04/04/2017,(718) 446-7000,christina@westshoretrucking.com,"127-50 NORTHERN BLVD, FLUSHING, NY",New York
04/04/2017,(347) 752-0206,ivette.perez@caraustar.com,"105-33 92ND STREET, OZONE PARK, NY",new york
04/04/2017,(718) 292-0649,tom@skylinetransferllc.com,"429 CASANOVA STREET, BRONX, NY",New York
04/04/2017,(347) 832-7887,msavino@centurywaste.com,"223 BEDFORD AVENUE #76, BROOKLYN, NY",New York
04/04/2017,(718) 216-0276,greenoilrecycling@gmail.com,"119-58 27TH AVE APT. E-2, FLUSHING, NY",NEW YORK
04/04/2017,(718) 456-5000,msf@yankels.com,"197 SNEDICKER AVENUE, BROOKLYN, NY",New York
04/04/2017,(718) 456-5000,portatrucking@gmail.com,"197 SNEDICKER, BROOKLYN, NY",new york
04/04/2017,(203) 869-9099,francis.hill@junkluggers.com,"49 LIBERTY PLACE, STAMFORD, CT",New York
04/04/2017,(718) 720-4650,ifmcontracting@gmail.com,"11 FERRY STREET, STATEN ISLAND, NY",New York
04/04/2017,(212) 673-6194,info@shreduponline.com,"P. O. BOX 832, LIVINGSTON, NJ",NEW YORK
04/04/2017,800-299-JUNK,slavka84@yahoo.com,"1100 CONEY ISLAND - STE 402, BROOKLYN, NY",New York
04/18/2018,,priorityfirstcarting@gmail.com,,new york
04/04/2017,(917) 717-8143,info@eastsidesupplies.com,"60-41 CATALPA AVEUE, RIDGEWOOD, NY",New York
04/04/2017,(347) 809-4110,info@destructionpros.com,"84 78 160TH STREET, JAMAICA, NY",New York
04/04/2017,(215) 332-2100,ntristani@fivestarcarting.com,"7330 TULIP STREET, PHILADELPHIA, PA",NEW YORK
04/04/2017,(718) 715-7150,ncastro@njcassociates.com,"1835 130Th St, College Point, NY",New York
04/04/2017,(718) 720-7220,ggrepairs@live.com,"25 VAN STREET, STATEN ISLAND, NY",new york
04/04/2017,(718) 417-1662,anthonyrubbish613@gmail.com,"6019 Grove St, Apt 1L, Ridgewood, NY",New York
04/04/2017,(516) 390-9466,adriennel@organixrecycling.com,"174A MILLER PL, HICKSVILLE, NY",New York
04/04/2017,(917) 842-5780,omniwaste@yahoo.com,"67-49 185 STREET, FRESH MEADOWS, NY",NEW YORK
04/04/2017,(201) 428-1403,ciwastemanagement@gmail.com,"4701 Greenpoint Ave, PO Box 243, Sunnyside, NY",New York
04/04/2017,(718) 435-3700,info@nyccag.com,"35 CHURCH AVENUE, BROOKLYN, NY",new york
04/04/2017,(718) 428-1939,ronstruckingcorp@yahoo.com,"25319 Northern Blvd, Little Neck, NY",New York
04/04/2017,(718) 209-0909,bpedersen@packratjunk.com,"745 43RD STREET, 1ST FLOOR, BROOKLYN, NY",New York
04/04/2017,(516) 431-1637,kwncarting@gmail.com,"41 OREGON STREET, LONG BEACH, NY",NEW YORK
04/04/2017,(646) 863-3297,License,"3681 BROADWAY #6, NEW YORK, NY",New York
04/04/2017,(718) 301-9797,valeriya.gregory@ahrcnyc.org,"P.O. BOX 100772, BROOKLYN, NY",new york
04/04/2017,(516) 279-4531,stephenspallinojr@basinhaulage.com,"1 ALBERTSON AVE  SUITE #4, ALBERTSON, NY",New York
04/04/2017,(718) 768-3700,removemyjunk@aol.com,"1033 86TH STREET, BROOKLYN, NY",New York
04/04/2017,(646) 739-8783,michael@powerflosewerservice.com,"97-23 84TH STREET, OZONE PARK, NY",NEW YORK
04/04/2017,(718) 361-5255,dawntorres@gmail.com,"38-25 10TH STREET, LONG ISLAND CITY, NY",New York
04/04/2017,(718) 450-1851,jayareinel@gmail.com,"145 EAST 91ST STREET, BROOKLYN, NY",new york
04/04/2017,(516) 877-0100,dunriterubbish@gmail.com,"P.O. BOX 20274, FLORAL PARK, NY",New York
04/04/2017,(845) 705-7279,oildoctor2015@gmail.com,"16 GRIFFEN STREET, POUGHQUAG, NY",New York
04/04/2017,(718) 788-3479,clutterfreeservice@gmail.com,"21 NEW LANE, STATEN ISLAND, NY",NEW YORK
04/04/2017,(201) 443-3000,office@classicrecycling.com,"99 WOOD AVENUE SOUTH, SUITE 1001, ISELIN, NJ",New York
04/04/2017,(516) 682-9283,sjwang008@gmail.com,"PO BOX 3283 CHURCH STREET STATION, NEW YORK, NY",new york
04/04/2017,(631) 225-3044,kingscountycartingcorp@gmail.com,"690 N. QUEENS AVE., LINDENHURST, NY",New York
04/04/2017,(646) 479-8792,popagino1@aol.com,"15 ORCHARD TERRACE, MONROE, NY",New York
04/04/2017,(201) 868-3081,cymac2000@gmail.com,"6600 BLVD EAST SUITE 5M, WEST NEW YORK, NJ",NEW YORK
04/04/2017,(201) 567-6391,livio@alcesspool.com,"24 RIVER ROAD SUITE 205, BOGOTA, NJ",New York
04/04/2017,(718) 236-8771,buildrusny@gmail.com,"23 BOWLING GREEN PLACE, STATEN ISLAND, NY",new york
04/04/2017,(917) 292-4949,generalmanager@usashred.info,"680 W 232 STREET, BRONX, NY",New York
04/04/2017,(516) 903-9158,gbianco@mprnyc.com,"558 TIFFANY STREET, BRONX, NY",New York
04/04/2017,(718) 441-2517,prowasteinc@gmail.com,"116-14 BESSEMER STREET, RICHMOND HILL, NY",NEW YORK
04/04/2017,(718) 946-6161,oilmasterinc@yahoo.com,"2951 MONTGOMERY STREET, WANTAGH, NY",New York
04/04/2017,(718) 369-1312,info@proshred.com,"P.O. Box 320358, Brooklyn, NY",new york
04/04/2017,(718) 871-9822,medusacon@gmail.com,"1325 61ST STREET, BROOKLYN, NY",New York
04/04/2017,(877) 789-5865,nycoilcorp@gmail.com,"266 ROUTE 109, FARMINGDALE, NY",New York
04/04/2017,(512) 826-4423,dyoungen@triumvirate.com,"10 JONES ST. APT. 5E, NEW YORK, NY",NEW YORK
04/04/2017,(646) 590-0695,libertywasteinc@gmail.com,"156 W.29TH ST FL3, NEW YORK, NY",New York
04/04/2017,(646) 371-2167,tonyses@aol.com,"314 VIRGINIA AVE, STATEN ISLAND, NY",new york
04/04/2017,(917) 775-2259,info@premierconstruction86.com,"35-58 168 ST, FLUSHING, NY",New York
04/04/2017,(646) 535-3476,dneary@synagro.com,"4008 WICKHAM AVE UNIT B1, BRONX, NY",New York
09/27/2017,(518) 943-9404,cd@approvedmedwaste.com,"P.O. BOX 731, CATSKILL, NY",NEW YORK
04/04/2017,(516) 489-3708,arance@cleanearthinc.com,"900 MERCHANTS CONCOURSE SUITE 214, WESTBURY, NY",New York
04/04/2017,(718) 381-6506,fantasticwaste@icloud.com,"63-07 71ST STREET, MIDDLE VILLAGE, NY",new york
04/04/2017,(718) 293-9696,tlchaulinginc@gmail.com,"285 EAST 165TH STREET, BRONX, NY",New York
04/04/2017,(347) 787-0713,greg@cleanoutexpress.com,"200 Highland Blvd, Apt 1B, Brooklyn, NY",New York
04/04/2017,(203) 932-5801,dmiller@acvenviro.com,"240/220 FRONTAGE ROAD, WEST HAVEN, CT",NEW YORK
04/04/2017,(516) 354-6583,number1waste@gmail.com,"94-02 150TH STREET, JAMAICA, NY",New York
04/04/2017,(516) 523-1242,popagino1@aol.com,"113 Rockaway Ave, Westbury, NY",new york
04/04/2017,(718) 575-5466,88whaleshark@gmail.com,"120-10 QUEENS BLVD, KEW GARDENS, NY",New York
04/04/2017,(718) 993-4525,franco@francowaste.com,"5 BRUCKNER BOULEVARD, BRONX, NY",New York
04/04/2017,(718) 871-7722,c.j.s.sanitation@gmail.com,"1321  61 STREET, BROOKLYN, NY",NEW YORK
04/04/2017,(516) 414-6728,angelat@tullyenvironmental.com,"231 HOPPER STREET, WESTBURY, NY",New York
04/04/2017,(212) 982-1284,chumphreysystems@gmail.com,"33-56 11TH STREET, QUEENS, NY",new york
04/04/2017,(973) 539-6433,asquitieri@sanitationsalvagecorp.com,"51 TARN DRIVE, MORRIS PLAINS, NJ",New York
04/04/2017,(212) 689-0332,tstjb@aol.com,"P O BOX 5038, WEST BABYLON, NY",New York
04/04/2017,(201) 867-4098,joe@data-struction.com,"38 POCAHONTAS PATH, LINCOLN PARK, NJ",NEW YORK
04/04/2017,(973) 274-1002,cambridgehome@msn.com,"P.O. BOX 497, KEARNY, NJ",New York
04/04/2017,(212) 470-2359,bronxcityrec@aol.com,"152-154 W. 141 ST APT 3C, NEW YORK, NY",new york
04/04/2017,(917) 335-4570,chumphreysystems@gmail.com,"142-28 230TH PL, QUEENS, NY",New York
04/04/2017,(718) 498-4763,mweiner@russellreid.com,"983 UTICA AVENUE, BROOKLYN, NY",New York
04/04/2017,(908) 206-0223,hpbhauling@verizon.net,"975 FLOYD TERR, UNION, NJ",Catherine's
04/04/2017,(718) 659-0760,mbprotectservices@gmail.com,"111-23 157TH STREET, JAMAICA, NY",Catherine's
04/04/2017,(718) 257-8584,justrubbish1@gmail.com,"847 SHEPHERD AVENUE, BROOKLYN, NY",Catherine's
04/04/2017,(718) 543-1900,greenbaysanitation@gmail.com,"5778 MOSHOLU AVENUE, BRONX, NY",Catherine's
04/04/2017,(718) 893-4256,michaeldid8200@gmail.com,"408 COSTER STREET, BRONX, NY",Catherines
04/04/2017,(718) 965-4883,kosilka@wm.com,"4822 3RD AVENUE, BROOKLYN, NY",Catherine's
04/04/2017,(516) 799-8047,tonyses@aol.com,"PO BOX 303, MASSAPEQUA PARK, NY",Catherine's
04/04/2017,(347) 350-6872,lpiecora@ritewaydemolition.com,"1579 E 28Th St, Brooklyn, NY",Catherine's
04/04/2017,(718) 448-3147,office@jeginc.org,"83 JEWETT AVENUE, STATEN ISLAND, NY",Catherine's
04/04/2017,(718) 646-1261,licensing@smsholdings.com,"223 ALLEN AVENUE, BROOKLYN, NY",Catherines
04/04/2017,(914) 699-9021,george@imvroswaste.com,"60 SOUTH STREET, MT VERNON, NY",Catherine's
04/04/2017,(732) 738-6000,losdosasesinc@gmail.com,"P.O. BOX 290, KEASBEY, NJ",Catherine's
04/04/2017,(917) 789-9963,jscframing2017@gmail.com,"1588 E. 34TH ST., BROOKLYN, NY",Catherine's
04/04/2017,(718) 366-0834,info@dirtnj.com,"73-10 EDSALL AVENUE, GLENDALE, NY",Catherine's
04/04/2017,(718) 384-4846,reliablewaste1@gmail.com,"666 FLUSHING AVE, BROOKLYN, NY",Catherines
04/04/2017,(917) 273-8368,jamesd@timeshred.com,"7135 CHARLOTTE PIKE, SUITE 100, NASHVILLE, TN",Catherine's
04/04/2017,(718) 351-6273,gegashpetim@gmail.com,"856 RICHMOND ROAD, STATEN ISLAND, NY",Catherine's
04/04/2017,(718) 210-3290,greenbaysanitation@gmail.com,"9101 Shore Rd, APT. 601, Brooklyn, NY",Catherine's
04/04/2017,(877) 876-3928,trashitnyc@gmail.com,"443 SCHILLER ST, ELIZABETH, NJ",Catherine's
04/04/2017,(631) 706-3131,jose.class@pscnow.corp,"160 WILBUR PLACE, SUITE 300, BOHEMIA, NY",Catherines
04/04/2017,(845) 306-1833,gina@reliablepaperrecycling.com,"9 FAIR STREET, CARMEL, NY",Catherine's
04/04/2017,(718) 208-5462,valeriya.gregory@ahrcnyc.org,"11 DANA STREET, STATEN ISLAND, NY",Catherine's
04/04/2017,(516) 876-0404,codenycllc@gmail.com,"3000 BURNS AVENUE, WANTAGH, NY",Catherine's
04/04/2017,(914) 663-6868,gen.zito2010@gmail.com,"138 SOUTH COLUMBUS AVE, MOUNT VERNON, NY",Catherine's
04/04/2017,(347) 498-1354,eric@coppolacorp.com,"703 EAST 134TH STREET, BRONX, NY",Catherines
04/04/2017,(646) 706-2660,cvigilante@finocchiobros.com,"31-28 137TH ST., 2 FL, FLUSHING, NY",Catherine's
04/04/2017,(732) 324-9890,jeandull@irtwaste.com,"P.O. BOX 185, KEASBEY, NJ",Catherine's
04/04/2017,(973) 279-0003,nrogers@synagro.com,"P.O. BOX 206, PATERSON, NJ",Catherine's
04/04/2017,(973) 579-5860,64lago@gmail.com,"187 ROUTE 94, LAFAYETTE, NJ",Catherine's
04/04/2017,(708) 326-3900,dfiliberto@filcocarting.com,"19065 HICKORY CREEK DRIVE SUITE 240, MOKENA, IL",Catherines
04/04/2017,(718) 451-0366,ifmcontracting@gmail.com,"5112 FOSTER AVE, BROOKLYN, NY",Catherine's
04/04/2017,(212) 532-9191,fdseoul119@gmail.com,"280 MADISON AVENUE ROOM 900, NEW YORK, NY",Catherine's
04/04/2017,(718) 351-3373,office.monmore@yahoo.com,"586A MIDLAND AVENUE, 2ND FLOOR, STATEN ISLAND, NY",Catherine's
04/04/2017,(718) 442-4212,aardvarktrucking@hotmail.com,"2074 RICHMOND TERRACE, STATEN ISLAND, NY",Catherine's
04/04/2017,(718) 585-5898,aaladwani@sharpsinc.com,"P.O. BOX 20654, NEW YORK, NY",Catherines
04/04/2017,(347) 754-2370,george@imvroswaste.com,"119 GRANT AVENUE, BROOKLYN, NY",Catherine's
04/04/2017,(718) 370-1114,mosrubbishremovalservices@gmail.com,"4435 VICTORY BOULEVARD, STATEN ISLAND, NY",Catherine's
04/04/2017,(718) 468-6900,tnt71@mrtcarting.com,"204-08 JAMAICA AVENUE, HOLLIS, NY",Catherine's
04/04/2017,(718) 609-0111,kpwastedisposal@gmail.com,"45-42 PEARSON STREET, LONG ISLAND CITY, NY",Catherine's
04/04/2017,(877) 704-0003,bestrubbishservices@gmail.com,"1375 EAST 7TH STREET, BROOKLYN, NY",Catherines
04/04/2017,(347) 848-7845,matt@indcarting.com,"P.O.BOX 61058, STATEN ISLAND, NY",Catherine's
04/04/2017,(718) 232-2210,jsaia@millenniumrecyclingcorp.com,"225 EAST 2ND STREET, BROOKLYN, NY",Catherine's
04/04/2017,(847) 640-6653,danielscarting@gmail.com,"5151 San Felipe St SUITE 1100, Houston, TX",Catherine's
04/04/2017,(516) 342-5551,info@premierconstruction86.com,"PO BOX 594, DEER PARK, NY",Catherine's
04/04/2017,(718) 875-3437,aceydeucy@live.com,"260 BUTLER STREET, BROOKLYN, NY",Catherines
04/04/2017,(718) 585-5236,greennetworkny@gmail.com,"432 WALES AVENUE, BRONX, NY",Catherine's
04/04/2017,(516) 541-1557,oildoctor2015@gmail.com,"135 SHOREHAM RD, MASSAPEQUA, NY",Catherine's
04/04/2017,(877) 556-5865,info@doe.org,"11 Harts Ln, Suite E, East Brunswick, NJ",Catherine's
04/04/2017,(646) 203-1037,nycoilcorp@gmail.com,"8566 FOREST PARK WAY SECOND FLOOR, WOODHAVEN, NY",Catherine's
04/04/2017,(718) 322-1123,cd@approvedmedwaste.com,"13318 130TH PL,, SOUTH OZONE PARK, NY",Catherines
04/04/2017,(718) 880-0268,allstarconcrete@hotmail.com,"P. O. BOX 1014, BRONX, NY",Catherine's
04/04/2017,(718) 205-5188,gegashpetim@gmail.com,"58-86 GRAND AVENUE, MASPETH, NY",Catherine's
04/04/2017,(914) 417-4123,valentinocarting@hotmail.com,"5 WEST MAIN STREET, SUITE 200, ELMSFORD, NY",Catherine's
04/04/2017,(718) 525-7100,rduffy@danielshealth.com,"24810 Brookville Blvd, Rosedale, NY",Catherine's
04/04/2017,(646) 322-6630,ifmcontracting@gmail.com,"67-58 79TH STREET, MIDDLE VILLAGE, NY",Catherines
04/04/2017,(201) 333-5244,blueskiesgrace1@gmail.com,"1 CAVEN POINT AVENUE, JERSEY CITY, NJ",Catherine's
04/04/2017,(347) 683-3660,krosselli@environmentalsvc.com,"257 GRAND STREET P.O BOX 80, BROOKLYN, NY",Catherine's
04/04/2017,(646) 436-6512,dyoungen@triumvirate.com,"775 EAGLE AVENUE, APT. 4F, BRONX, NY",Catherine's
04/04/2017,(201) 636-9900 EXT 9501,timothyfulton@gmail.com,"74 KENNY PLACE, SADDLE BROOK, NJ",Catherine's
04/04/2017,(651) 796-1600,64lago@gmail.com,"2250 PILOT KNOB ROAD, MENDOTA HEIGHTS, MN",Catherines
04/04/2017,(718) 458-8900,joe@data-struction.com,"6405 34Th Ave, Woodside, NY",Catherine's
04/04/2017,(914) 423-1773,dmiller@acvenviro.com,"53 TORRE PLACE, YONKERS, NY",Catherine's
04/04/2017,(718) 468-8679,msavino@centurywaste.com,"187 40 HOLLIS AVENUE, HOLLIS, NY",Catherine's
04/04/2017,(732) 225-2238,vparziale@gramercyusa.com,"PO BOX 130, KEASBEY, NJ",Catherine's
04/04/2017,(516) 223-2010,krosselli@environmentalsvc.com,"228 MILLER AVENUE, FREEPORT, NY",Catherines
04/04/2017,(516) 223-2010,rrm12@optonline.net,"228 MILLER AVENUE, FREEPORT, NY",Catherine's
04/04/2017,(201) 507-5008,flashrecycling@yahoo.com,"555 INDUSTRIAL ROAD, CARLSTADT, NJ",Catherine's
04/04/2017,(516) 660-1343,vikingsanitation@comcast.net,"855 E Broadway, Suite 5E, Long Beach, NY",Catherine's
04/04/2017,(718) 893-9300,matt@indcarting.com,"421 MANIDA STREET, BRONX, NY",Catherine's
04/04/2017,(718) 523-5332,ljannotte@stericycle.com,"105-08 150TH STREET, JAMAICA, NY",Catherines
04/04/2017,(718) 356-3936,fantasticwaste@icloud.com,"67 EAST FIGUREA AVENUE, STATEN ISLAND, NY",Catherine's
04/04/2017,(631) 777-1330,keycontainerservice@yahoo.com,"55 TOLEDO STREET, FARMINGDALE, NY",Catherine's
04/04/2017,(718) 805-7804,service@chelseasanitation.com,"101-22 107 STREET, OZONE PARK, NY",Catherine's
04/04/2017,(914) 327-3130,bandkmovinganddeliveryservices@hotmail.com,"815 MCLEAN AVENUE, SUITE 2, YONKERS, NY",Catherine's
04/04/2017,(855) 857-4733,sleone@thesmartercarter.com,"120 CHURCH STREET, FREEPORT, NY",Catherines
04/04/2017,(718) 234-1313,portatrucking@gmail.com,"P.O. BOX 190839, BROOKLYN, NY",Catherine's
04/04/2017,(516) 431-5484,dandninc@aol.com,"2794 SOUTH SHERIDAN WAY, OAKVILLE, ON",Catherine's
04/04/2017,(718) 227-5570,tlchaulinginc@gmail.com,"4220 ARTHUR KILL ROAD, STATEN ISLAND, NY",Catherine's
04/04/2017,(847) 367-5910,ulices@ulepvcorp.com,"210 SHERWOOD AVENUE, FARMINGDALE, NY",Catherine's
04/04/2017,(973) 465-1272,kwncarting@gmail.com,"182 CALCUTTA STREET, NEWARK, NJ",Catherines
04/04/2017,(718) 331-5853,cvigilante@finocchiobros.com,"6808 13TH AVENUE 1F, BROOKLYN, NY",Catherine's
04/04/2017,(718) 945-6262,2019-02-01,"240 CROSS BAY BLVD, BROAD CHANNEL, NY",Catherine's
04/04/2017,(212) 628-5207,chinesemover@hotmail.com,"232 EAST 84TH STREET, NEW YORK, NY",Catherine's
04/04/2017,(973) 652-9794,eccarting@yahoo.com,"46 MAITLAND AVENUE, HAWTHORNE, NJ",Catherine's
04/04/2017,(877) 258-6577,codenycllc@gmail.com,"114-39 212TH STREET, CAMBRIA HEIGHTS, NY",Catherines
04/04/2017,(973) 465-3900,jscframing2017@gmail.com,"60 LOCKWOOD STREET, NEWARK, NJ",Catherine's
04/04/2017,(718) 786-2504,richie@regencyrecyclingcorp.com,"2109 BORDEN AVENUE, #504, LONG ISLAND CITY, NY",Catherine's
04/04/2017,(914) 421-0024,gen.zito2010@gmail.com,"405 TARRYTOWN RD #1245, WHITE PLAINS, NY",Catherine's
04/04/2017,(914) 447-4806,bicnotifications@actioncarting.com,"UPS STORE, 420 S. RIVERSIDE AVENUE, CROTON-ON-HUDSON, NY",Catherine's
04/04/2017,(718) 860-6600,lpiecora@ritewaydemolition.com,"531 BARRETTO STREET, BRONX, NY",Catherines
04/04/2017,(617) 628-8098,mosrubbishremovalservices@gmail.com,"200 INNER BELT ROAD, SOMERVILLE, MA",Catherine's
04/04/2017,(718) 446-7000,office@classicrecycling.com,"127-50 NORTHERN BLVD, FLUSHING, NY",Catherine's
04/04/2017,(718) 658-7272,gegashpetim@gmail.com,"170-10 DOUGLAS AVENUE, JAMAICA, NY",Catherine's
04/04/2017,(718) 326-0384,greenbaysanitation@gmail.com,"56-01 NURGE AVE., MASPETH, NY",Catherine's
04/04/2017,(347) 918-0239,nmdemolition@aol.com,"382 WADSWORTH AVE 3F, NEW YORK, NY",Catherines
04/04/2017,(973) 691-7321,kosilka@wm.com,"1 EDEN LANE, FLANDERS, NJ",Catherine's
04/04/2017,(800) 889-1254,aardvarktrucking@hotmail.com,"P.O. BOX 60, BERKELEY HEIGHTS, NJ",Catherine's
04/04/2017,(718) 386-7900,kosilka@wm.com,"123 VARICK AVENUE, BROOKLYN, NY",Catherine's
04/04/2017,(718) 273-0657,bandkmovinganddeliveryservices@hotmail.com,"2 KINSEY PLACE, STATEN ISLAND, NY",Catherine's
04/04/2017,(201) 863-3035,pmrecyclinginc1@gmail.com,"PO BOX 2596, SECAUCUS, NJ",Catherines
04/04/2017,(718) 698-9577,kpwastedisposal@gmail.com,"356 MEREDITH AVENUE, STATEN ISLAND, NY",Catherine's
04/04/2017,(718) 775-0180,ppretto@allsaintsent.com,"15 CENTER DRIVE, MALBA, NY",Catherine's
04/05/2017,(732) 225-2238,tom@skylinetransferllc.com,"PO BOX 130, KEASBEY, NJ",Catherine's
04/05/2017,(516) 223-2010,dobrien@iwt-inc.com,"228 MILLER AVENUE, FREEPORT, NY",Catherine's
04/05/2017,(516) 223-2010,removeallmyjunk@gmail.com,"228 MILLER AVENUE, FREEPORT, NY",Catherines
04/05/2017,(201) 507-5008,flawrence.equicycle@yahoo.com,"555 INDUSTRIAL ROAD, CARLSTADT, NJ",Catherine's
04/05/2017,(516) 660-1343,jscframing2017@gmail.com,"855 E Broadway, Suite 5E, Long Beach, NY",Catherine's
04/05/2017,(718) 893-9300,thefatmanllc@yahoo.com,"421 MANIDA STREET, BRONX, NY",Catherine's
04/05/2017,(718) 523-5332,msavino@centurywaste.com,"105-08 150TH STREET, JAMAICA, NY",Catherine's
04/05/2017,(718) 356-3936,qualitywaste@gmail.com,"67 EAST FIGUREA AVENUE, STATEN ISLAND, NY",Catherines
04/05/2017,(631) 777-1330,info@eastsidesupplies.com,"55 TOLEDO STREET, FARMINGDALE, NY",Catherine's
04/05/2017,(718) 805-7804,chinesemover@hotmail.com,"101-22 107 STREET, OZONE PARK, NY",Catherine's
04/05/2017,(914) 327-3130,valentinocarting@hotmail.com,"815 MCLEAN AVENUE, SUITE 2, YONKERS, NY",Catherine's
04/05/2017,(855) 857-4733,wdorish@aol.com,"120 CHURCH STREET, FREEPORT, NY",Catherine's
04/05/2017,(718) 234-1313,ben.velocci@avidwaste.com,"P.O. BOX 190839, BROOKLYN, NY",Catherines
04/05/2017,(516) 431-5484,cd@approvedmedwaste.com,"2794 SOUTH SHERIDAN WAY, OAKVILLE, ON",Catherine's
04/05/2017,(718) 227-5570,info@destructionpros.com,"4220 ARTHUR KILL ROAD, STATEN ISLAND, NY",Catherine's
04/05/2017,(847) 367-5910,mike@alloccorecycling.com,"210 SHERWOOD AVENUE, FARMINGDALE, NY",Catherine's
04/05/2017,(973) 465-1272,cmesscorp@gmail.com,"182 CALCUTTA STREET, NEWARK, NJ",Catherine's
04/05/2017,(718) 331-5853,generalmanager@usashred.info,"6808 13TH AVENUE 1F, BROOKLYN, NY",Catherines
04/05/2017,(718) 945-6262,number1waste@gmail.com,"240 CROSS BAY BLVD, BROAD CHANNEL, NY",Catherine's
04/05/2017,(212) 628-5207,berta284@yahoo.com,"232 EAST 84TH STREET, NEW YORK, NY",Catherine's
04/05/2017,(973) 652-9794,omniwaste@yahoo.com,"46 MAITLAND AVENUE, HAWTHORNE, NJ",Catherine's
04/05/2017,(877) 258-6577,nycoilcorp@gmail.com,"114-39 212TH STREET, CAMBRIA HEIGHTS, NY",Catherine's
04/05/2017,(973) 465-3900,frontoffice@njmedicalwaste.com,"60 LOCKWOOD STREET, NEWARK, NJ",Catherines
04/05/2017,(718) 786-2504,eric@coppolacorp.com,"2109 BORDEN AVENUE, #504, LONG ISLAND CITY, NY",Catherine's
04/05/2017,(914) 421-0024,wdorish@aol.com,"405 TARRYTOWN RD #1245, WHITE PLAINS, NY",Catherine's
04/05/2017,(201) 573-1400,rydlcorp@gmail.com,"P.O BOX 8643, WOODCLIFF LAKE, NJ",Catherine's
04/05/2017,(914) 447-4806,info@bhrestoration.com,"UPS STORE, 420 S. RIVERSIDE AVENUE, CROTON-ON-HUDSON, NY",Catherine's
04/05/2017,(718) 860-6600,gftmidland@hotmail.com,"531 BARRETTO STREET, BRONX, NY",Catherines
04/05/2017,(617) 628-8098,aaladwani@sharpsinc.com,"200 INNER BELT ROAD, SOMERVILLE, MA",Catherine's
04/05/2017,(718) 446-7000,gsharp@landsitegroup.com,"127-50 NORTHERN BLVD, FLUSHING, NY",Catherine's
04/05/2017,(718) 658-7272,jgaeta520@aol.com,"170-10 DOUGLAS AVENUE, JAMAICA, NY",Catherine's
04/05/2017,(718) 326-0384,evan.cohen@1800gotjunk.com,"56-01 NURGE AVE., MASPETH, NY",Catherine's
04/05/2017,(347) 918-0239,lgioilrecycling@gmail.com,"382 WADSWORTH AVE 3F, NEW YORK, NY",Catherines
04/05/2017,(973) 691-7321,portatrucking@gmail.com,"1 EDEN LANE, FLANDERS, NJ",Catherine's
04/05/2017,(800) 889-1254,wdorish@aol.com,"P.O. BOX 60, BERKELEY HEIGHTS, NJ",Catherine's
04/05/2017,(718) 386-7900,smrubbish@aol.com,"123 VARICK AVENUE, BROOKLYN, NY",Catherine's
04/05/2017,(718) 273-0657,gegashpetim@gmail.com,"2 KINSEY PLACE, STATEN ISLAND, NY",Catherine's
04/05/2017,(201) 863-3035,number1waste@gmail.com,"PO BOX 2596, SECAUCUS, NJ",Catherines
04/05/2017,(718) 698-9577,pernacarting@aol.com,"356 MEREDITH AVENUE, STATEN ISLAND, NY",Catherine's
04/05/2017,(718) 775-0180,fantasticwaste@icloud.com,"15 CENTER DRIVE, MALBA, NY",Catherine's
04/05/2017,(718) 287-0490,bavarocorp@yahoo.com,"3023 VOORHIES AVENUE, BROOKLYN, NY",Catherine's
04/05/2017,(201) 488-5015,sean@redbags.com,"P O BOX 50, RIDGEWOOD, NJ",Catherine's
04/05/2017,(718) 399-3751,office@classicrecycling.com,"926 FULTON STREET STORE #2, BROOKLYN, NY",Catherines
04/05/2017,(718) 729-3018,jsrjacob@yahoo.com,"38-40 REVIEW AVENUE, LONG ISLAND CITY, NY",Catherine's
04/05/2017,(201) 863-1063,smrubbish@aol.com,"278 SECAUCUS ROAD, SECAUCUS, NJ",Catherine's
04/05/2017,(973) 623-7600,dyoungen@triumvirate.com,"300 FRANK W. BURR BLVD, STE. 39, TEANECK, NJ",Catherine's
04/05/2017,(646) 302-3042,ggrepairs@live.com,"21 Porter Avenue, Brooklyn, NY",Catherine's
04/05/2017,(516) 535-1170,jose.class@pscnow.corp,"PO BOX 312, MILLER PLACE, NY",Catherines
04/05/2017,(212) 748-9956,garnett848@aol.com,"510 E 13Th St, 1ST FLOOR, New York, NY",Catherine's
04/05/2017,(718) 891-2696,aceydeucy@live.com,"3165 HARKNESS AVENUE, BROOKLYN, NY",Catherine's
04/05/2017,(718) 349-3094,csullivan@termac.com,"540 KINGSLAND AVENUE, BROOKLYN, NY",Catherine's
04/05/2017,(732) 815-0220,88whaleshark@gmail.com,"928 EAST HAZELWOOD AVENUE, RAHWAY, NJ",Catherine's
04/05/2017,(800) 701-6645,gftmidland@hotmail.com,"390 MOONEY POND ROAD, FARMINGVILLE, NY",Catherines
04/05/2017,(800) 825-0630,dinom111@aol.com,"301 ROYCE FIELD RD., HILLSBOROUGH, NJ",Catherine's
04/05/2017,(718) 739-2301,thefatmanllc@yahoo.com,"17233 Douglas Ave, Jamaica, NY",Catherine's
04/05/2017,(516) 766-2997,rfixter@cleanearthinc.com,"P.O.BOX. 402, OCEANSIDE, NY",Catherine's
04/05/2017,(718) 542-3236,sjwang008@gmail.com,"337 COSTER STREET, BRONX, NY",Catherine's
04/05/2017,(973) 595-5033,bicnotifications@actioncarting.com,"158 LINWOOD AVE, PATERSON, NJ",Catherines
06/19/2017,(718) 234-1313,bob@borowiderecycling.com,"P.O. BOX 190839, BROOKLYN, NY",Catherine's
04/05/2017,(718) 885-7659,flashrecycling@yahoo.com,"9413 51 AVE, ELMHURST, NY",Catherine's
04/05/2017,(917) 742-3385,gen.zito2010@gmail.com,"2006 BOGART AVENUE, BRONX, NY",Catherine's
04/05/2017,(718) 727-0100,michael@powerflosewerservice.com,"117 DELAFIELD AVENUE, STATEN ISLAND, NY",Catherine's
04/05/2017,(914) 664-4791,jandt@jtbro.net,"110 EDISON AVENUE, MOUNT VERNON, NY",Catherines
04/05/2017,(609) 567-8280,davidzuidema@aol.com,"P.O. BOX 1204, HAMMONTON, NJ",Catherine's
04/05/2017,(718) 366-4900,rocollectorsny@yahoo.com,"57-52 49th Place, Maspeth, NY",Catherine's
04/05/2017,(718) 824-4625,ben.velocci@avidwaste.com,"3286 Country Club Rd, Bronx, NY",Catherine's
04/05/2017,(718) 278-5174,bigapplejunkremoval@gmail.com,"2037 Hazen St, East Elmhurst, NY",Catherine's
04/05/2017,(718) 222-4549,munassaryafee@gmail.com,"154 CONOVER STREET, BROOKLYN, NY",Catherines
04/05/2017,(718) 991-9700,sandra@citywideny.com,"PO BOX 888, SYOSSET, NY",Catherine's
04/05/2017,(201) 772-8004,ted.panebianco@chhj.com,"302 BELMONT AVENUE APT. 3, BELLEVILLE, NJ",Catherine's
04/05/2017,(718) 274-5598,domenic@filcocarting.com,"37-39 9TH STREET, LONG ISLAND CITY, NY",Catherine's
04/05/2017,(347) 581-9866,licensing@smsholdings.com,"368 EASTERN PARKWAY, SUITE 3C, BROOKLYN, NY",Catherine's
04/05/2017,(718) 530-3003,prime1junkremoval@gmail.com,"7925 150TH STREET APT. F22, FLUSHING, NY",Catherines
04/05/2017,(718) 366-6513,support@ddcarting.com,"P.O. BOX 790058, MIDDLE VILLAGE, NY",Catherine's
04/05/2017,(212) 267-9700,mr.mehrel@bestsupercleaning.com,"75 BATTERY PLACE, NEW YORK, NY",Catherine's
04/05/2017,(718) 302-6672,popagino1@aol.com,"P.O. BOX 1771, LONG ISLAND CITY, NY",Catherine's
04/05/2017,(718) 366-4017,qualitywaste@gmail.com,"340 MASPETH AVENUE, BROOKLYN, NY",Catherine's
04/05/2017,(718) 423-6473,info@armyconstructionllc.com,"49-60 ANNANDALE LANE, LITTLE NECK, NY",Catherines
04/05/2017,(718) 777-2262,samuelflrs1@gmail.com,"9 DIANAS CIRCLE, ROSLYN, NY",Catherine's
04/05/2017,(570) 416-2700,jamesd@timeshred.com,"1444 E. LACKAWANNA AVENUE SUITE 216, OLYPHANT, PA",Catherine's
04/05/2017,(718) 833-1021,rogersgreencorp@gmail.com,"149 52ND STREET, BROOKLYN, NY",Catherine's
04/05/2017,(347) 432-8548,johncardieri@gmail.com,"829 Bay Ridge Avenue, 3F, Brooklyn, NY",Catherine's
04/05/2017,(718) 326-7149,aceydeucy@live.com,"3 RAILROAD PLACE, MASPETH, NY",Catherines
04/05/2017,(718) 860-6071,sean@redbags.com,"1390 VIELE AVENUE, BRONX, NY",Catherine's
04/05/2017,(212) 674-2750,georgia@hermeswaste.net,"513 E.13TH STREET STORE WEST, NEW YORK, NY",Catherine's
04/05/2017,(718) 456-5000,lomanginobros@hotmail.com,"197 SNEDICKER AVENUE, BROOKLYN, NY",Catherine's
04/05/2017,(516) 308-7735,georgia@hermeswaste.net,"3562 LUFBERRY AVENUE, WANTAGH, NY",Catherine's
04/05/2017,(844) 543-3966,morris@northamericanterminals.com,"P.O. BOX 905, KINGS PARK, NY",Catherines
04/05/2017,(917) 468-3315,manhattan@1800gotjunk.com,"254 FANNING STREET, STATEN ISLAND, NY",Catherine's
04/05/2017,(518) 943-9404,info@shreduponline.com,"P.O. BOX 731, CATSKILL, NY",Catherine's
04/05/2017,(877) 285-5865,ghamerican@yahoo.com,"115-26 209TH STREET, CAMBRIA HEIGHTS, NY",Catherine's
04/05/2017,(908) 558-9540,877789junk@gmail.com,"623 DOWD AVENUE, ELIZABETH, NJ",Catherine's
04/05/2017,(973) 274-1008,kingscountycartingcorp@gmail.com,"P.O. BOX 451, KEARNY, NJ",Catherines
04/05/2017,(718) 523-1881,lomanginobros@hotmail.com,"P.O.BOX 350303, JAMAICA, NY",Catherine's
04/05/2017,(718) 372-3887,pmrecyclinginc1@gmail.com,"100-02  FARRAGUT RD., BROOKLYN, NY",Catherine's
04/05/2017,(718) 328-8582,cleancarting@gmail.com,"167 33 PORTER ROAD, JAMAICA, NY",Catherine's
04/05/2017,(718) 846-6766,jose.class@pscnow.corp,"PO BOX 350, CARLE PLACE, NY",Catherine's
04/05/2017,(718) 599-9087,nolson01@nyit.edu,"60 ANTHONY STREET, BROOKLYN, NY",Catherines
04/05/2017,(973) 777-0600,jamescoynegibbons@gmail.com,"409 RIVER ROAD SUITE #1, CLIFTON, NJ",Catherine's
04/05/2017,(973) 777-0600,yw@yankels.com,"409 RIVER ROAD SUITE #1, CLIFTON, NJ",Catherine's
04/05/2017,(973) 777-0600,cacrown@aol.com,"409 RIVER ROAD SUITE #1, CLIFTON, NJ",Catherine's
04/05/2017,(718) 746-1497,disrael0109@gmail.com,"154-05 12TH AVENUE, WHITESTONE, NY",Catherine's
04/05/2017,(347) 558-6280,safety@organixrecycling.com,"31-14 96 STREET, EAST ELMHURST, NY",Catherines
04/05/2017,(718) 658-0979,dispatch@mmsanit.com,"85-41 159TH STREET, JAMAICA, NY",Catherine's
04/05/2017,(718) 456-8261,nqintegritygc@gmail.com,"69-15 68TH STREET, GLENDALE, NY",Catherine's
04/05/2017,(347) 880-2844,liverpoolcarting@verizon.net,"1234 STRATFORD AVENUE, APT. 6B, BRONX, NY",Catherine's
04/05/2017,(718) 273-9130,danielscarting@gmail.com,"71 WINDOM AVENUE, STATEN ISLAND, NY",Catherine's
04/05/2017,(877) 368-4611,jk@bioyork.com,"391 CORNELIA ST, BROOKLYN, NY",Catherines
04/05/2017,(718) 527-1414,buildrusny@gmail.com,"75 AMBY AVENUE, PLAINVIEW, NY",Catherine's
04/05/2017,(718) 803-9400,linda3286@aol.com,"P.O. BOX 1133, BETHPAGE, NY",Catherine's
04/05/2017,(855) 228-6684,info@alphawastesolutions.com,"136 COIT STREET, IRVINGTON, NJ",Catherine's
04/05/2017,(718) 622-1786,jeandull@irtwaste.com,"63 EMERSON PLACE, BROOKLYN, NY",Catherine's
04/05/2017,(855) 429-6869,flawrence.equicycle@yahoo.com,"2105 W County line Rd, Suite 1, JACKSON, NJ",Catherines
04/05/2017,(718) 965-4790,gonzaloaviles.ga@gmail.com,"P.O BOX 307, LAWRENCE, NY",Catherine's
04/05/2017,(718) 777-7140,greentopiaus@gmail.com,"25-54 14TH STREET, ASTORIA, NY",Catherine's
04/05/2017,(516) 239-2067,info@alphawastesolutions.com,"32 Gates Ave, Inwood, NY",Catherine's
04/05/2017,(718) 991-8143,tevcarol@aol.com,"625  WHITTIER STREET, BRONX, NY",Catherine's
04/05/2017,(312) 546-8926,office@classicrecycling.com,"111 WEST JACKSON BLVD. SUITE 720, CHICAGO, IL",Catherines
04/05/2017,(973) 465-1900,davidgreenstein@lakintire.com,"825 WILSON AVENUE, NEWARK, NJ",Catherine's
04/05/2017,(201) 445-3188,tom@skylinetransferllc.com,"90 MIDLAND AVE, MIDLAND PARK, NJ",Catherine's
04/05/2017,(718) 359-4300,hpbhauling@verizon.net,"125-08 26TH AVENUE, FLUSHING, NY",Catherine's
04/05/2017,(347) 733-8771,bronxcityrec@aol.com,"770 EMPIRE BLVD #3A, BROOKLYN, NY",Catherine's
04/05/2017,,questhaulagecorp@live.com,"297 OCEAN AVENUE #5B, BROOKLYN, NY",Catherines
04/05/2017,(201) 763-6302,oyamaindustries@gmail.com,"182 HOWELL ST, JERSEY CITY, NJ",Catherine's
04/05/2017,(631) 249-0004,davidzuidema@aol.com,"164 CABOT STREET, WEST BABYLON, NY",Catherine's
04/05/2017,(718) 398-6343,info@maximumcleaning.com,"9 PROSPECT PARK WEST, BROOKLYN, NY",Catherine's
04/05/2017,(212) 228-2188,eccarting@yahoo.com,"P.O.BOX 496, NEW YORK, NY",Catherine's
04/05/2017,(631) 600-2000,gina@reliablepaperrecycling.com,"136 ALLEN BOULEVARD, FARMINGDALE, NY",Catherines
10/06/2017,(718) 803-9400,davidzuidema@aol.com,"P.O. BOX 1133, BETHPAGE, NY",Catherine's
04/05/2017,(212) 426-8500,info@dirtnj.com,"101 EAST 123RD STREET, NEW YORK, NY",Catherine's
09/19/2017,(518) 943-9404,office@jeginc.org,"P.O. BOX 731, CATSKILL, NY",Catherine's
04/05/2017,(917) 557-0725,tlchaulinginc@gmail.com,"1328 LELAND AVENUE #3, BRONX, NY",Catherine's
04/05/2017,(201) 455-8566,christina@westshoretrucking.com,"P.O. BOX 776, BAYONNE, NJ",Catherines
04/05/2017,(212) 431-5012,nolson01@nyit.edu,"81 WORTH STREET, NEW YORK, NY",Catherine's
04/05/2017,(203) 300-5704,mgcart@optonline.net,"P O BOX 875, BETHEL, CT",Catherine's
04/05/2017,(718) 495-5604,george@zeuswaste.com,"107 GEORGIA AVENUE - SUITE B, BROOKLYN, NY",Catherine's
04/05/2017,(631) 395-9888,chinesemover@hotmail.com,"40 ZORN BLVD, YAPHANK, NY",Catherine's
04/05/2017,(212) 909-9595,cmiserv@aol.com,"341 WHIPPOORWILL ROAD, CHAPPAQUA, NY",Catherines
04/05/2017,(347) 247-9057,dfiliberto@filcocarting.com,"15064 32Nd Ave, Flushing, NY",Catherine's
04/05/2017,(718) 446-7000,davidzuidema@aol.com,"127-50 NORTHERN BLVD, FLUSHING, NY",Catherine's
04/05/2017,(347) 752-0206,generalmanager@usashred.info,"105-33 92ND STREET, OZONE PARK, NY",Catherine's
04/05/2017,(718) 292-0649,bioenergyd@gmail.com,"429 CASANOVA STREET, BRONX, NY",Catherine's
04/05/2017,(347) 832-7887,reliablewaste1@gmail.com,"223 BEDFORD AVENUE #76, BROOKLYN, NY",Catherines
04/05/2017,(718) 216-0276,dinom111@aol.com,"119-58 27TH AVE APT. E-2, FLUSHING, NY",Catherine's
04/05/2017,(718) 456-5000,info@shreduponline.com,"197 SNEDICKER AVENUE, BROOKLYN, NY",Catherine's
04/05/2017,(718) 456-5000,saxon_ltd@hotmail.com,"197 SNEDICKER, BROOKLYN, NY",Catherine's
04/05/2017,(203) 869-9099,cambridgehome@msn.com,"49 LIBERTY PLACE, STAMFORD, CT",Catherine's
04/05/2017,(718) 720-4650,ronysservices@yahoo.com,"11 FERRY STREET, STATEN ISLAND, NY",Catherines
04/05/2017,(212) 673-6194,vmontecalvo@bayshorerecycling.com,"P. O. BOX 832, LIVINGSTON, NJ",Catherine's
04/05/2017,800-299-JUNK,dmiller@acvenviro.com,"1100 CONEY ISLAND - STE 402, BROOKLYN, NY",Catherine's
04/05/2017,(917) 717-8143,saxon_ltd@hotmail.com,"60-41 CATALPA AVEUE, RIDGEWOOD, NY",Catherine's
04/05/2017,(347) 809-4110,info@armyconstructionllc.com,"84 78 160TH STREET, JAMAICA, NY",Catherine's
04/05/2017,(215) 332-2100,jale0612@gmail.com,"7330 TULIP STREET, PHILADELPHIA, PA",Catherines
04/05/2017,(718) 715-7150,dawn.valois@unitedsiteservices.com,"1835 130Th St, College Point, NY",Catherine's
04/05/2017,(718) 720-7220,linda3286@aol.com,"25 VAN STREET, STATEN ISLAND, NY",Catherine's
04/05/2017,(718) 417-1662,nrogers@synagro.com,"6019 Grove St, Apt 1L, Ridgewood, NY",Catherine's
04/05/2017,(516) 390-9466,c.j.s.sanitation@gmail.com,"174A MILLER PL, HICKSVILLE, NY",Catherine's
04/05/2017,(917) 842-5780,almilo@dunwellelevator.com,"67-49 185 STREET, FRESH MEADOWS, NY",Catherines
04/05/2017,(212) 235-2650,flashrecycling@yahoo.com,"535 W. 24TH STREET FLOOR 4, NEW YORK, NY",Catherine's
04/05/2017,(201) 428-1403,huilong1980@gmail.com,"4701 Greenpoint Ave, PO Box 243, Sunnyside, NY",Catherine's
04/05/2017,(718) 435-3700,License,"35 CHURCH AVENUE, BROOKLYN, NY",Catherine's
04/05/2017,(718) 428-1939,wdorish@aol.com,"25319 Northern Blvd, Little Neck, NY",Catherine's
04/05/2017,(718) 209-0909,info@streetplus.net,"745 43RD STREET, 1ST FLOOR, BROOKLYN, NY",Catherines
04/05/2017,(516) 431-1637,peter01corp@gmail.com,"41 OREGON STREET, LONG BEACH, NY",Catherine's
04/05/2017,(646) 863-3297,jeandull@irtwaste.com,"3681 BROADWAY #6, NEW YORK, NY",Catherine's
04/05/2017,(718) 301-9797,justrubbish1@gmail.com,"P.O. BOX 100772, BROOKLYN, NY",Catherine's
04/05/2017,(516) 279-4531,ncastro@njcassociates.com,"1 ALBERTSON AVE  SUITE #4, ALBERTSON, NY",Catherine's
04/05/2017,(718) 768-3700,removeitnow3@gmail.com,"1033 86TH STREET, BROOKLYN, NY",Catherines
04/05/2017,(646) 739-8783,bob@borowiderecycling.com,"97-23 84TH STREET, OZONE PARK, NY",Catherine's
04/05/2017,(718) 361-5255,evan.cohen@1800gotjunk.com,"38-25 10TH STREET, LONG ISLAND CITY, NY",Catherine's
04/05/2017,(718) 450-1851,flashrecycling@yahoo.com,"145 EAST 91ST STREET, BROOKLYN, NY",Catherine's
04/05/2017,(516) 877-0100,asquitieri@sanitationsalvagecorp.com,"P.O. BOX 20274, FLORAL PARK, NY",Catherine's
04/05/2017,(845) 705-7279,priderecycling@yahoo.com,"16 GRIFFEN STREET, POUGHQUAG, NY",Catherines
04/05/2017,(718) 788-3479,sean@redbags.com,"21 NEW LANE, STATEN ISLAND, NY",Catherine's
04/05/2017,(201) 443-3000,davidgreenstein@lakintire.com,"99 WOOD AVENUE SOUTH, SUITE 1001, ISELIN, NJ",Catherine's
04/05/2017,(516) 682-9283,libertyashes@aol.com,"PO BOX 3283 CHURCH STREET STATION, NEW YORK, NY",Catherine's
04/05/2017,(631) 225-3044,reliablewaste1@gmail.com,"690 N. QUEENS AVE., LINDENHURST, NY",Catherine's
04/05/2017,(646) 479-8792,danielscarting@gmail.com,"15 ORCHARD TERRACE, MONROE, NY",Catherines
04/05/2017,(201) 868-3081,ulices@ulepvcorp.com,"6600 BLVD EAST SUITE 5M, WEST NEW YORK, NJ",Catherine's
04/05/2017,(201) 567-6391,dyoungen@triumvirate.com,"24 RIVER ROAD SUITE 205, BOGOTA, NJ",Catherine's
04/05/2017,(718) 236-8771,erincon@ecerestoration.com,"23 BOWLING GREEN PLACE, STATEN ISLAND, NY",Catherine's
04/05/2017,(917) 292-4949,bandkmovinganddeliveryservices@hotmail.com,"680 W 232 STREET, BRONX, NY",Catherine's
04/05/2017,(516) 903-9158,gonzaloaviles.ga@gmail.com,"558 TIFFANY STREET, BRONX, NY",Catherines
04/05/2017,(718) 441-2517,info@maximumcleaning.com,"116-14 BESSEMER STREET, RICHMOND HILL, NY",Catherine's
04/05/2017,(718) 946-6161,skyrise4@hotmail.com,"2951 MONTGOMERY STREET, WANTAGH, NY",Catherine's
04/05/2017,(718) 369-1312,klittle@danielshealth.com,"P.O. Box 320358, Brooklyn, NY",Catherine's
04/05/2017,(718) 871-9822,bpedersen@packratjunk.com,"1325 61ST STREET, BROOKLYN, NY",Catherine's
04/05/2017,(877) 789-5865,angelat@tullyconstruction.com,"266 ROUTE 109, FARMINGDALE, NY",Catherines
04/05/2017,(512) 826-4423,info@cinellicarting.com,"10 JONES ST. APT. 5E, NEW YORK, NY",Catherine's
04/05/2017,(646) 590-0695,marvelsanitation@yahoo.com,"156 W.29TH ST FL3, NEW YORK, NY",Catherine's
04/05/2017,(646) 371-2167,pfranchini-flagcont@si.rr.com,"314 VIRGINIA AVE, STATEN ISLAND, NY",Catherine's
04/05/2017,(917) 775-2259,wdorish@aol.com,"35-58 168 ST, FLUSHING, NY",Catherine's
04/06/2017,(718) 523-1881,info@amanocarting.com,"P.O.BOX 350303, JAMAICA, NY",Catherines
04/05/2017,(646) 535-3476,bic@darlingii.com,"4008 WICKHAM AVE UNIT B1, BRONX, NY",Catherine's
04/05/2017,(516) 489-3708,sevenfloors@msn.com,"900 MERCHANTS CONCOURSE SUITE 214, WESTBURY, NY",Catherine's
04/05/2017,(718) 381-6506,dandninc@aol.com,"63-07 71ST STREET, MIDDLE VILLAGE, NY",Catherine's
04/05/2017,(718) 293-9696,office@classicrecycling.com,"285 EAST 165TH STREET, BRONX, NY",Catherine's
04/05/2017,(347) 787-0713,2019-02-01,"200 Highland Blvd, Apt 1B, Brooklyn, NY",Catherines
04/05/2017,(203) 932-5801,francis.hill@junkluggers.com,"240/220 FRONTAGE ROAD, WEST HAVEN, CT",Catherine's
04/05/2017,(516) 354-6583,msinisi@nyc.rr.com,"94-02 150TH STREET, JAMAICA, NY",Catherine's
04/05/2017,(516) 523-1242,eric@coppolacorp.com,"113 Rockaway Ave, Westbury, NY",Catherine's
04/05/2017,(718) 575-5466,ljannotte@stericycle.com,"120-10 QUEENS BLVD, KEW GARDENS, NY",Catherine's
04/05/2017,(651) 796-1600,grbrotherstruckinginc@gmail.com,"2250 PILOT KNOB ROAD, MENDOTA HEIGHTS, MN",Catherines
04/05/2017,(718) 993-4525,almilo@dunwellelevator.com,"5 BRUCKNER BOULEVARD, BRONX, NY",Catherine's
04/05/2017,(718) 871-7722,omniwaste@yahoo.com,"1321  61 STREET, BROOKLYN, NY",Catherine's
04/05/2017,(516) 414-6728,andrew.semmonella@ironmountain.com,"231 HOPPER STREET, WESTBURY, NY",Catherine's
04/05/2017,(212) 982-1284,morris@northamericanterminals.com,"33-56 11TH STREET, QUEENS, NY",Catherine's
04/05/2017,(973) 539-6433,safety@organixrecycling.com,"51 TARN DRIVE, MORRIS PLAINS, NJ",Catherines
04/05/2017,(212) 689-0332,dispatch@mmsanit.com,"P O BOX 5038, WEST BABYLON, NY",Catherine's
04/05/2017,(201) 867-4098,erincon@ecerestoration.com,"38 POCAHONTAS PATH, LINCOLN PARK, NJ",Catherine's
04/05/2017,(973) 274-1002,flawrence.equicycle@yahoo.com,"P.O. BOX 497, KEARNY, NJ",Catherine's
04/05/2017,(212) 470-2359,bavarocorp@yahoo.com,"152-154 W. 141 ST APT 3C, NEW YORK, NY",Catherine's
04/05/2017,(917) 335-4570,fantasticwaste@icloud.com,"142-28 230TH PL, QUEENS, NY",Catherines
04/05/2017,(718) 498-4763,regencyrecycling@aol.com,"983 UTICA AVENUE, BROOKLYN, NY",Catherine's
04/05/2017,(908) 206-0223,livio@alcesspool.com,"975 FLOYD TERR, UNION, NJ",Catherine's
04/05/2017,(718) 659-0760,jsaia@millenniumrecyclingcorp.com,"111-23 157TH STREET, JAMAICA, NY",Catherine's
04/05/2017,(718) 257-8584,5bwasteremoval@gmail.com,"847 SHEPHERD AVENUE, BROOKLYN, NY",Catherine's
04/05/2017,(718) 543-1900,dyoungen@triumvirate.com,"5778 MOSHOLU AVENUE, BRONX, NY",Catherines
04/05/2017,(718) 893-4256,priorityfirstcarting@gmail.com,"408 COSTER STREET, BRONX, NY",Catherine's
04/05/2017,(718) 965-4883,regencyrecycling@aol.com,"4822 3RD AVENUE, BROOKLYN, NY",Catherine's
04/05/2017,(516) 799-8047,info@eastsidesupplies.com,"PO BOX 303, MASSAPEQUA PARK, NY",Catherine's
04/05/2017,(347) 350-6872,dmiller@acvenviro.com,"1579 E 28Th St, Brooklyn, NY",Catherine's
04/05/2017,(718) 448-3147,daniloalvarez69@aim.com,"83 JEWETT AVENUE, STATEN ISLAND, NY",Catherines
04/05/2017,(718) 646-1261,csullivan@termac.com,"223 ALLEN AVENUE, BROOKLYN, NY",Catherine's
04/05/2017,(914) 699-9021,jamesd@timeshred.com,"60 SOUTH STREET, MT VERNON, NY",Catherine's
04/05/2017,(732) 738-6000,bandkmovinganddeliveryservices@hotmail.com,"P.O. BOX 290, KEASBEY, NJ",Catherine's
04/05/2017,(917) 789-9963,priorityfirstcarting@gmail.com,"1588 E. 34TH ST., BROOKLYN, NY",Catherine's
04/05/2017,(718) 366-0834,dbenedetto@earthlink.net,"73-10 EDSALL AVENUE, GLENDALE, NY",Catherines
04/05/2017,(718) 384-4846,info@streetplus.net,"666 FLUSHING AVE, BROOKLYN, NY",Catherine's
04/05/2017,(917) 273-8368,cperfetto@perfettoent.com,"7135 CHARLOTTE PIKE, SUITE 100, NASHVILLE, TN",Catherine's
04/05/2017,(718) 351-6273,abbys@1800mrrubbish.com,"856 RICHMOND ROAD, STATEN ISLAND, NY",Catherine's
04/05/2017,(718) 210-3290,64lago@gmail.com,"9101 Shore Rd, APT. 601, Brooklyn, NY",Catherine's
04/05/2017,(877) 876-3928,gftmidland@hotmail.com,"443 SCHILLER ST, ELIZABETH, NJ",Catherines
04/05/2017,(631) 706-3131,smrubbish@aol.com,"160 WILBUR PLACE, SUITE 300, BOHEMIA, NY",Catherine's
04/05/2017,(845) 306-1833,jose.class@pscnow.corp,"9 FAIR STREET, CARMEL, NY",Catherine's
04/05/2017,(718) 208-5462,eli.rowe@lioncage.com,"11 DANA STREET, STATEN ISLAND, NY",Catherine's
04/05/2017,(516) 876-0404,cd@approvedmedwaste.com,"3000 BURNS AVENUE, WANTAGH, NY",Catherine's
04/05/2017,(914) 663-6868,info@shreduponline.com,"138 SOUTH COLUMBUS AVE, MOUNT VERNON, NY",Catherines
04/05/2017,(347) 498-1354,jayareinel@gmail.com,"703 EAST 134TH STREET, BRONX, NY",Catherine's
04/05/2017,(646) 706-2660,khalid.faiz@stericycle.com,"31-28 137TH ST., 2 FL, FLUSHING, NY",Catherine's
04/05/2017,(732) 324-9890,dbenedetto@earthlink.net,"P.O. BOX 185, KEASBEY, NJ",Catherine's
04/05/2017,(973) 279-0003,jandt@jtbro.net,"P.O. BOX 206, PATERSON, NJ",Catherine's
04/05/2017,(973) 579-5860,pm@wwccontracting.com,"187 ROUTE 94, LAFAYETTE, NJ",Catherines
04/05/2017,(708) 326-3900,erincon@ecerestoration.com,"19065 HICKORY CREEK DRIVE SUITE 240, MOKENA, IL",Catherine's
04/05/2017,(718) 451-0366,greentopiaus@gmail.com,"5112 FOSTER AVE, BROOKLYN, NY",Catherine's
04/05/2017,(212) 532-9191,sleone@thesmartercarter.com,"280 MADISON AVENUE ROOM 900, NEW YORK, NY",Catherine's
04/05/2017,(718) 351-3373,ghamerican@yahoo.com,"586A MIDLAND AVENUE, 2ND FLOOR, STATEN ISLAND, NY",Catherine's
04/06/2017,(516) 414-6728,sleone@thesmartercarter.com,"231 HOPPER STREET, WESTBURY, NY",Catherines
04/05/2017,(718) 442-4212,ulices@ulepvcorp.com,"2074 RICHMOND TERRACE, STATEN ISLAND, NY",Catherine's
04/05/2017,(718) 585-5898,office.monmore@yahoo.com,"P.O. BOX 20654, NEW YORK, NY",Catherine's
04/05/2017,(347) 754-2370,jrallora@oilmatic.com,"119 GRANT AVENUE, BROOKLYN, NY",Catherine's
04/05/2017,(718) 370-1114,nycoilcorp@gmail.com,"4435 VICTORY BOULEVARD, STATEN ISLAND, NY",Catherine's
04/05/2017,(718) 468-6900,ulices@ulepvcorp.com,"204-08 JAMAICA AVENUE, HOLLIS, NY",Catherines
04/05/2017,(718) 609-0111,frontoffice@njmedicalwaste.com,"45-42 PEARSON STREET, LONG ISLAND CITY, NY",Catherine's
04/05/2017,(877) 704-0003,rduffy@danielshealth.com,"1375 EAST 7TH STREET, BROOKLYN, NY",Catherine's
04/05/2017,(347) 848-7845,dispatch@mmsanit.com,"P.O.BOX 61058, STATEN ISLAND, NY",Catherine's
04/05/2017,(718) 232-2210,ranianyc@aol.com,"225 EAST 2ND STREET, BROOKLYN, NY",Catherine's
04/05/2017,(847) 640-6653,licensing@smsholdings.com,"5151 San Felipe St SUITE 1100, Houston, TX",Catherines
04/05/2017,(516) 342-5551,priorityfirstcarting@gmail.com,"PO BOX 594, DEER PARK, NY",Catherine's
04/05/2017,(718) 875-3437,cperfetto@perfettoent.com,"260 BUTLER STREET, BROOKLYN, NY",Catherine's
04/05/2017,(718) 585-5236,info@doe.org,"432 WALES AVENUE, BRONX, NY",Catherine's
04/05/2017,(516) 541-1557,yw@yankels.com,"135 SHOREHAM RD, MASSAPEQUA, NY",Catherine's
04/05/2017,(877) 556-5865,chinesemover@hotmail.com,"11 Harts Ln, Suite E, East Brunswick, NJ",Catherines
04/05/2017,(646) 203-1037,oilmasterinc@yahoo.com,"8566 FOREST PARK WAY SECOND FLOOR, WOODHAVEN, NY",Catherine's
04/05/2017,(718) 322-1123,gonzaloaviles.ga@gmail.com,"13318 130TH PL,, SOUTH OZONE PARK, NY",Catherine's
04/05/2017,(718) 880-0268,smrubbish@aol.com,"P. O. BOX 1014, BRONX, NY",Catherine's
04/05/2017,(718) 205-5188,smtirerecycling@aol.com,"58-86 GRAND AVENUE, MASPETH, NY",Catherine's
04/05/2017,(914) 417-4123,dfiliberto@filcocarting.com,"5 WEST MAIN STREET, SUITE 200, ELMSFORD, NY",Catherines
04/05/2017,(718) 525-7100,christina@westshoretrucking.com,"24810 Brookville Blvd, Rosedale, NY",Catherine's
04/05/2017,(646) 322-6630,candcrecyclingnj@gmail.com,"67-58 79TH STREET, MIDDLE VILLAGE, NY",Catherine's
04/05/2017,(201) 333-5244,bronxcityrec@aol.com,"1 CAVEN POINT AVENUE, JERSEY CITY, NJ",Catherine's
04/05/2017,(347) 683-3660,betodj123074@gmail.com,"257 GRAND STREET P.O BOX 80, BROOKLYN, NY",Catherine's
04/05/2017,(646) 436-6512,bioenergyd@gmail.com,"775 EAGLE AVENUE, APT. 4F, BRONX, NY",Catherines
04/05/2017,(201) 636-9900 EXT 9501,vikingsanitation@comcast.net,"74 KENNY PLACE, SADDLE BROOK, NJ",Catherine's
04/05/2017,(718) 458-8900,chulynk@hotmail.com,"6405 34Th Ave, Woodside, NY",Catherine's
04/05/2017,(914) 423-1773,skyrise4@hotmail.com,"53 TORRE PLACE, YONKERS, NY",Catherine's
04/05/2017,(718) 468-8679,cmesscorp@gmail.com,"187 40 HOLLIS AVENUE, HOLLIS, NY",Catherine's
04/06/2017,(718) 287-0490,ppretto@allsaintsent.com,"3023 VOORHIES AVENUE, BROOKLYN, NY",Catherines
04/06/2017,(201) 488-5015,munassaryafee@gmail.com,"P O BOX 50, RIDGEWOOD, NJ",Catherine's
04/06/2017,(718) 399-3751,bioenergyd@gmail.com,"926 FULTON STREET STORE #2, BROOKLYN, NY",Catherine's
04/06/2017,(718) 729-3018,ivette.perez@caraustar.com,"38-40 REVIEW AVENUE, LONG ISLAND CITY, NY",Catherine's
04/06/2017,(201) 863-1063,gil.keneck@stericycle.com,"278 SECAUCUS ROAD, SECAUCUS, NJ",Catherine's
04/06/2017,(973) 623-7600,info@streetplus.net,"300 FRANK W. BURR BLVD, STE. 39, TEANECK, NJ",Catherines
04/06/2017,(646) 302-3042,licensing@rti-inc.com,"21 Porter Avenue, Brooklyn, NY",Catherine's
04/06/2017,(516) 535-1170,jamesd@timeshred.com,"PO BOX 312, MILLER PLACE, NY",Catherine's
04/06/2017,(212) 748-9956,csiegel@calimarenterprises.com,"510 E 13Th St, 1ST FLOOR, New York, NY",Catherine's
04/06/2017,(718) 891-2696,tonyses@aol.com,"3165 HARKNESS AVENUE, BROOKLYN, NY",Catherine's
04/06/2017,(718) 349-3094,office@jeginc.org,"540 KINGSLAND AVENUE, BROOKLYN, NY",Catherines
04/06/2017,(732) 815-0220,info@arcocarting.com,"928 EAST HAZELWOOD AVENUE, RAHWAY, NJ",Catherine's
04/06/2017,(800) 701-6645,support@ddcarting.com,"390 MOONEY POND ROAD, FARMINGVILLE, NY",Catherine's
04/06/2017,(800) 825-0630,manhattan@1800gotjunk.com,"301 ROYCE FIELD RD., HILLSBOROUGH, NJ",Catherine's
04/06/2017,(718) 739-2301,marvelsanitation@yahoo.com,"17233 Douglas Ave, Jamaica, NY",Catherine's
04/06/2017,(516) 766-2997,mbprotectservices@gmail.com,"P.O.BOX. 402, OCEANSIDE, NY",Catherines
04/06/2017,(718) 542-3236,debra@petmeadow.com,"337 COSTER STREET, BRONX, NY",Catherine's
04/06/2017,(973) 595-5033,valentinocarting@hotmail.com,"158 LINWOOD AVE, PATERSON, NJ",Catherine's
04/06/2017,(718) 885-7659,tom191@gmail.com,"9413 51 AVE, ELMHURST, NY",Catherine's
04/06/2017,(917) 742-3385,info@maximumcleaning.com,"2006 BOGART AVENUE, BRONX, NY",Catherine's
04/06/2017,(718) 727-0100,evan.cohen@1800gotjunk.com,"117 DELAFIELD AVENUE, STATEN ISLAND, NY",Catherines
04/06/2017,(914) 664-4791,andrew337788@naver.com,"110 EDISON AVENUE, MOUNT VERNON, NY",Catherine's
04/06/2017,(609) 567-8280,jerrytherubbishman@gmail.com,"P.O. BOX 1204, HAMMONTON, NJ",Catherine's
04/06/2017,(718) 366-4900,liverpoolcarting@verizon.net,"57-52 49th Place, Maspeth, NY",Catherine's
04/06/2017,(718) 824-4625,smrubbish@aol.com,"3286 Country Club Rd, Bronx, NY",Catherine's
04/06/2017,(718) 278-5174,removeitnow3@gmail.com,"2037 Hazen St, East Elmhurst, NY",Catherines
04/06/2017,(718) 222-4549,paulr@royalwaste.com,"154 CONOVER STREET, BROOKLYN, NY",Catherine's
04/06/2017,(718) 991-9700,j.b.relocation.services@gmail.com,"PO BOX 888, SYOSSET, NY",Catherine's
04/06/2017,(201) 772-8004,jason.craft@wasteconnections.com,"302 BELMONT AVENUE APT. 3, BELLEVILLE, NJ",Catherine's
12/26/2017,(718) 803-9400,pmrecyclinginc1@gmail.com,"P.O. BOX 1133, BETHPAGE, NY",Catherine's
04/06/2017,(718) 274-5598,oyamaindustries@gmail.com,"37-39 9TH STREET, LONG ISLAND CITY, NY",Catherines
04/06/2017,(347) 581-9866,ppretto@allsaintsent.com,"368 EASTERN PARKWAY, SUITE 3C, BROOKLYN, NY",Catherine's
04/06/2017,(718) 530-3003,ciwastemanagement@gmail.com,"7925 150TH STREET APT. F22, FLUSHING, NY",Catherine's
04/06/2017,(718) 366-6513,vdjnyconstruction@gmail.com,"P.O. BOX 790058, MIDDLE VILLAGE, NY",Catherine's
04/06/2017,(212) 267-9700,touchupcrew@gmail.com,"75 BATTERY PLACE, NEW YORK, NY",Catherine's
04/06/2017,(718) 302-6672,derekcooke@abbeyglen.com,"P.O. BOX 1771, LONG ISLAND CITY, NY",Catherines
04/06/2017,(718) 366-4017,info@bhrestoration.com,"340 MASPETH AVENUE, BROOKLYN, NY",Catherine's
04/06/2017,(718) 423-6473,trashitnyc@gmail.com,"49-60 ANNANDALE LANE, LITTLE NECK, NY",Catherine's
04/06/2017,(718) 777-2262,vparziale@gramercyusa.com,"9 DIANAS CIRCLE, ROSLYN, NY",Catherine's
04/06/2017,(570) 416-2700,doreysa1@hotmail.com,"1444 E. LACKAWANNA AVENUE SUITE 216, OLYPHANT, PA",Catherine's
04/06/2017,(347) 432-8548,info@dirtnj.com,"829 Bay Ridge Avenue, 3F, Brooklyn, NY",Catherines
04/06/2017,(718) 326-7149,jose.class@pscnow.corp,"3 RAILROAD PLACE, MASPETH, NY",Catherine's
04/06/2017,(718) 860-6071,dawn.valois@unitedsiteservices.com,"1390 VIELE AVENUE, BRONX, NY",Catherine's
04/06/2017,(212) 674-2750,ppretto@allsaintsent.com,"513 E.13TH STREET STORE WEST, NEW YORK, NY",Catherine's
04/06/2017,(718) 456-5000,pmrecyclingllc@gmail.com,"197 SNEDICKER AVENUE, BROOKLYN, NY",Catherine's
04/06/2017,(516) 308-7735,flashrecycling@yahoo.com,"3562 LUFBERRY AVENUE, WANTAGH, NY",Catherines
04/06/2017,(844) 543-3966,info@prestigeindustry.com,"P.O. BOX 905, KINGS PARK, NY",Catherine's
04/06/2017,(917) 468-3315,ppoilwaste@gmail.com,"254 FANNING STREET, STATEN ISLAND, NY",Catherine's
04/06/2017,(518) 943-9404,info@qualityshredding.com,"P.O. BOX 731, CATSKILL, NY",Catherine's
04/06/2017,(877) 285-5865,jeandull@irtwaste.com,"115-26 209TH STREET, CAMBRIA HEIGHTS, NY",Catherine's
04/06/2017,(908) 558-9540,msinisi@nyc.rr.com,"623 DOWD AVENUE, ELIZABETH, NJ",Catherines
04/06/2017,(973) 274-1008,bicnotifications@actioncarting.com,"P.O. BOX 451, KEARNY, NJ",Catherine's
04/06/2017,(718) 372-3887,memilio@allegrosanitation.com,"100-02  FARRAGUT RD., BROOKLYN, NY",Catherine's
04/06/2017,(718) 328-8582,gferro10@yahoo.com,"167 33 PORTER ROAD, JAMAICA, NY",Catherine's
04/06/2017,(718) 846-6766,ronstruckingcorp@yahoo.com,"PO BOX 350, CARLE PLACE, NY",Catherine's
04/06/2017,(718) 599-9087,gftmidland@hotmail.com,"60 ANTHONY STREET, BROOKLYN, NY",Catherines
04/06/2017,(973) 777-0600,ncastro@njcassociates.com,"409 RIVER ROAD SUITE #1, CLIFTON, NJ",Catherine's
04/06/2017,(973) 777-0600,info@streetplus.net,"409 RIVER ROAD SUITE #1, CLIFTON, NJ",Catherine's
04/06/2017,(973) 777-0600,ranianyc@aol.com,"409 RIVER ROAD SUITE #1, CLIFTON, NJ",Catherine's
04/06/2017,(718) 746-1497,prowasteinc@gmail.com,"154-05 12TH AVENUE, WHITESTONE, NY",Catherine's
04/06/2017,(347) 558-6280,davidgreenstein@lakintire.com,"31-14 96 STREET, EAST ELMHURST, NY",Catherines
04/06/2017,(718) 658-0979,erincon@ecerestoration.com,"85-41 159TH STREET, JAMAICA, NY",Catherine's
04/06/2017,(718) 456-8261,jeandull@irtwaste.com,"69-15 68TH STREET, GLENDALE, NY",Catherine's
04/06/2017,(347) 880-2844,paulr@royalwaste.com,"1234 STRATFORD AVENUE, APT. 6B, BRONX, NY",Catherine's
04/06/2017,(718) 273-9130,michael@powerflosewerservice.com,"71 WINDOM AVENUE, STATEN ISLAND, NY",Catherine's
04/06/2017,(877) 368-4611,License,"391 CORNELIA ST, BROOKLYN, NY",Catherines
04/06/2017,(201) 573-1400,saxon_ltd@hotmail.com,"P.O BOX 8643, WOODCLIFF LAKE, NJ",Catherine's
04/06/2017,(718) 833-1021,vdjnyrecycling@gmail.com,"149 52ND STREET, BROOKLYN, NY",Catherine's
04/06/2017,(718) 527-1414,medusacon@gmail.com,"75 AMBY AVENUE, PLAINVIEW, NY",Catherine's
04/06/2017,(718) 803-9400,anthonyrubbish613@gmail.com,"P.O. BOX 1133, BETHPAGE, NY",Catherine's
04/06/2017,(855) 228-6684,salcoindustries@gmail.com,"136 COIT STREET, IRVINGTON, NJ",Catherines
04/06/2017,(718) 622-1786,drpk.inc@gmail.com,"63 EMERSON PLACE, BROOKLYN, NY",Toronto
04/06/2017,(855) 429-6869,medusacon@gmail.com,"2105 W County line Rd, Suite 1, JACKSON, NJ",Toronto
04/06/2017,(718) 965-4790,bayan_ali16@yahoo.com,"P.O BOX 307, LAWRENCE, NY",Toronto
04/06/2017,(718) 777-7140,ulices@ulepvcorp.com,"25-54 14TH STREET, ASTORIA, NY",Toronto
04/06/2017,(516) 239-2067,thefatmanllc@yahoo.com,"32 Gates Ave, Inwood, NY",Toronto
04/06/2017,(718) 991-8143,louis@forcesolutionsny.com,"625  WHITTIER STREET, BRONX, NY",Toronto
04/06/2017,(312) 546-8926,removeitnow3@gmail.com,"111 WEST JACKSON BLVD. SUITE 720, CHICAGO, IL",Toronto
04/06/2017,(973) 465-1900,jamescoynegibbons@gmail.com,"825 WILSON AVENUE, NEWARK, NJ",Toronto
04/06/2017,(201) 445-3188,info@amanocarting.com,"90 MIDLAND AVE, MIDLAND PARK, NJ",Toronto
04/06/2017,(718) 359-4300,joe@data-struction.com,"125-08 26TH AVENUE, FLUSHING, NY",Toronto
04/06/2017,(347) 733-8771,smrubbish@aol.com,"770 EMPIRE BLVD #3A, BROOKLYN, NY",Toronto
04/06/2017,,omniwaste@yahoo.com,"297 OCEAN AVENUE #5B, BROOKLYN, NY",Toronto
04/06/2017,(201) 763-6302,ncastro@njcassociates.com,"182 HOWELL ST, JERSEY CITY, NJ",Toronto
04/06/2017,(631) 249-0004,eric@coppolacorp.com,"164 CABOT STREET, WEST BABYLON, NY",Toronto
04/06/2017,(718) 398-6343,info@richmondcons.com,"9 PROSPECT PARK WEST, BROOKLYN, NY",Toronto
04/06/2017,(212) 228-2188,tstjb@aol.com,"P.O.BOX 496, NEW YORK, NY",Toronto
04/06/2017,(631) 600-2000,peter01corp@gmail.com,"136 ALLEN BOULEVARD, FARMINGDALE, NY",Toronto
04/06/2017,(212) 426-8500,rrm12@optonline.net,"101 EAST 123RD STREET, NEW YORK, NY",Toronto
04/06/2017,(917) 557-0725,nrogers@synagro.com,"1328 LELAND AVENUE #3, BRONX, NY",Toronto
04/06/2017,(201) 455-8566,office@classicrecycling.com,"P.O. BOX 776, BAYONNE, NJ",Toronto
04/06/2017,(212) 431-5012,steve@americanshredding1.com,"81 WORTH STREET, NEW YORK, NY",Toronto
04/06/2017,(203) 300-5704,cd@approvedmedwaste.com,"P O BOX 875, BETHEL, CT",Toronto
04/06/2017,(718) 495-5604,tlchaulinginc@gmail.com,"107 GEORGIA AVENUE - SUITE B, BROOKLYN, NY",Toronto
04/06/2017,(631) 395-9888,aaladwani@sharpsinc.com,"40 ZORN BLVD, YAPHANK, NY",Toronto
04/06/2017,(212) 909-9595,msavino@centurywaste.com,"341 WHIPPOORWILL ROAD, CHAPPAQUA, NY",Toronto
04/06/2017,(347) 247-9057,jerrytherubbishman@gmail.com,"15064 32Nd Ave, Flushing, NY",Toronto
04/06/2017,(718) 446-7000,thefatmanllc@yahoo.com,"127-50 NORTHERN BLVD, FLUSHING, NY",Toronto
04/06/2017,(347) 752-0206,jeandull@irtwaste.com,"105-33 92ND STREET, OZONE PARK, NY",Toronto
04/06/2017,(718) 292-0649,danielscarting@gmail.com,"429 CASANOVA STREET, BRONX, NY",Toronto
04/06/2017,(347) 832-7887,johncardieri@gmail.com,"223 BEDFORD AVENUE #76, BROOKLYN, NY",Toronto
01/22/2018,(718) 803-9400,nolson01@nyit.edu,"P.O. BOX 1133, BETHPAGE, NY",Toronto
04/06/2017,(718) 216-0276,krosselli@environmentalsvc.com,"119-58 27TH AVE APT. E-2, FLUSHING, NY",Toronto
04/06/2017,(718) 456-5000,demohaulers@yahoo.com,"197 SNEDICKER AVENUE, BROOKLYN, NY",Toronto
04/06/2017,(718) 456-5000,tstjb@aol.com,"197 SNEDICKER, BROOKLYN, NY",Toronto
04/06/2017,(203) 869-9099,ted.panebianco@chhj.com,"49 LIBERTY PLACE, STAMFORD, CT",Toronto
04/06/2017,(718) 720-4650,gbianco@mprnyc.com,"11 FERRY STREET, STATEN ISLAND, NY",Toronto
04/06/2017,(212) 673-6194,mike@ambrosinoconstruction.com,"P. O. BOX 832, LIVINGSTON, NJ",Toronto
04/06/2017,800-299-JUNK,michaeld555@optonline.net,"1100 CONEY ISLAND - STE 402, BROOKLYN, NY",Toronto
04/06/2017,(917) 717-8143,jim.fabrizio@casingsinc.com,"60-41 CATALPA AVEUE, RIDGEWOOD, NY",Toronto
04/06/2017,(347) 809-4110,chinesemover@hotmail.com,"84 78 160TH STREET, JAMAICA, NY",Toronto
04/06/2017,(215) 332-2100,drpk.inc@gmail.com,"7330 TULIP STREET, PHILADELPHIA, PA",Toronto
04/06/2017,(718) 715-7150,jrallora@oilmatic.com,"1835 130Th St, College Point, NY",Toronto
04/06/2017,(718) 720-7220,gonzaloaviles.ga@gmail.com,"25 VAN STREET, STATEN ISLAND, NY",Toronto
04/06/2017,(718) 417-1662,gftmidland@hotmail.com,"6019 Grove St, Apt 1L, Ridgewood, NY",Toronto
04/06/2017,(516) 390-9466,kwncarting@gmail.com,"174A MILLER PL, HICKSVILLE, NY",Toronto
04/06/2017,(917) 842-5780,contactus@1800mrrubbish.com,"67-49 185 STREET, FRESH MEADOWS, NY",Toronto
04/06/2017,(212) 235-2650,aceydeucy@live.com,"535 W. 24TH STREET FLOOR 4, NEW YORK, NY",Toronto
04/06/2017,(201) 428-1403,livio@alcesspool.com,"4701 Greenpoint Ave, PO Box 243, Sunnyside, NY",Toronto
04/06/2017,(718) 435-3700,codenycllc@gmail.com,"35 CHURCH AVENUE, BROOKLYN, NY",Toronto
04/06/2017,(718) 428-1939,info@prestigeindustry.com,"25319 Northern Blvd, Little Neck, NY",Toronto
04/06/2017,(718) 209-0909,cd@approvedmedwaste.com,"745 43RD STREET, 1ST FLOOR, BROOKLYN, NY",Toronto
04/06/2017,(516) 431-1637,frontoffice@njmedicalwaste.com,"41 OREGON STREET, LONG BEACH, NY",Toronto
04/06/2017,(646) 863-3297,popagino1@aol.com,"3681 BROADWAY #6, NEW YORK, NY",Toronto
04/06/2017,(718) 301-9797,allgoneremoval@aol.com,"P.O. BOX 100772, BROOKLYN, NY",Toronto
04/06/2017,(516) 279-4531,vparziale@gramercyusa.com,"1 ALBERTSON AVE  SUITE #4, ALBERTSON, NY",Toronto
04/06/2017,(718) 768-3700,greenbaysanitation@gmail.com,"1033 86TH STREET, BROOKLYN, NY",Toronto
04/06/2017,(646) 739-8783,george@imvroswaste.com,"97-23 84TH STREET, OZONE PARK, NY",Toronto
04/06/2017,(718) 361-5255,derekcooke@abbeyglen.com,"38-25 10TH STREET, LONG ISLAND CITY, NY",Toronto
04/06/2017,(718) 450-1851,nrogers@synagro.com,"145 EAST 91ST STREET, BROOKLYN, NY",Toronto
04/06/2017,(516) 877-0100,removemyjunk@aol.com,"P.O. BOX 20274, FLORAL PARK, NY",Toronto
04/06/2017,(845) 705-7279,rweber@envirogreeninc.com,"16 GRIFFEN STREET, POUGHQUAG, NY",Toronto
04/06/2017,(718) 788-3479,perciballics@aol.com,"21 NEW LANE, STATEN ISLAND, NY",Toronto
04/06/2017,(201) 443-3000,jrallora@oilmatic.com,"99 WOOD AVENUE SOUTH, SUITE 1001, ISELIN, NJ",Toronto
04/06/2017,(516) 682-9283,nycoilcorp@gmail.com,"PO BOX 3283 CHURCH STREET STATION, NEW YORK, NY",Toronto
04/06/2017,(631) 225-3044,info@richmondcons.com,"690 N. QUEENS AVE., LINDENHURST, NY",Toronto
04/06/2017,(646) 479-8792,bioenergyd@gmail.com,"15 ORCHARD TERRACE, MONROE, NY",Toronto
04/06/2017,(201) 868-3081,gftmidland@hotmail.com,"6600 BLVD EAST SUITE 5M, WEST NEW YORK, NJ",Toronto
04/06/2017,(201) 567-6391,portatrucking@gmail.com,"24 RIVER ROAD SUITE 205, BOGOTA, NJ",Toronto
04/06/2017,(718) 236-8771,ppoilwaste@gmail.com,"23 BOWLING GREEN PLACE, STATEN ISLAND, NY",Toronto
04/06/2017,(917) 292-4949,info@bhrestoration.com,"680 W 232 STREET, BRONX, NY",Toronto
04/06/2017,(516) 903-9158,vikingsanitation@comcast.net,"558 TIFFANY STREET, BRONX, NY",Toronto
04/06/2017,(718) 441-2517,smckernan@allboroindustries.com,"116-14 BESSEMER STREET, RICHMOND HILL, NY",Toronto
04/06/2017,(718) 946-6161,info@bmcleanup.com,"2951 MONTGOMERY STREET, WANTAGH, NY",Toronto
04/06/2017,(718) 369-1312,omniwaste@yahoo.com,"P.O. Box 320358, Brooklyn, NY",Toronto
04/06/2017,(718) 871-9822,aardvarktrucking@hotmail.com,"1325 61ST STREET, BROOKLYN, NY",Toronto
04/06/2017,(877) 789-5865,bandkmovinganddeliveryservices@hotmail.com,"266 ROUTE 109, FARMINGDALE, NY",Toronto
04/06/2017,(512) 826-4423,dfiliberto@filcocarting.com,"10 JONES ST. APT. 5E, NEW YORK, NY",Toronto
04/06/2017,(646) 590-0695,ken@worldgrease.com,"156 W.29TH ST FL3, NEW YORK, NY",Toronto
04/06/2017,(646) 371-2167,allgoneremoval@aol.com,"314 VIRGINIA AVE, STATEN ISLAND, NY",Toronto
04/06/2017,(917) 775-2259,jscframing2017@gmail.com,"35-58 168 ST, FLUSHING, NY",Toronto
04/06/2017,(646) 535-3476,office@classicrecycling.com,"4008 WICKHAM AVE UNIT B1, BRONX, NY",Toronto
04/06/2017,(516) 489-3708,cacrown@aol.com,"900 MERCHANTS CONCOURSE SUITE 214, WESTBURY, NY",Toronto
04/06/2017,(718) 381-6506,livio@alcesspool.com,"63-07 71ST STREET, MIDDLE VILLAGE, NY",Toronto
04/06/2017,(718) 293-9696,mbprotectservices@gmail.com,"285 EAST 165TH STREET, BRONX, NY",Toronto
04/06/2017,(347) 787-0713,greenoilrecycling@gmail.com,"200 Highland Blvd, Apt 1B, Brooklyn, NY",Toronto
04/06/2017,(203) 932-5801,jsaia@millenniumrecyclingcorp.com,"240/220 FRONTAGE ROAD, WEST HAVEN, CT",Toronto
04/06/2017,(516) 354-6583,mgcart@optonline.net,"94-02 150TH STREET, JAMAICA, NY",Toronto
04/06/2017,(516) 523-1242,michael@powerflosewerservice.com,"113 Rockaway Ave, Westbury, NY",Toronto
04/06/2017,(718) 575-5466,greenoilrecycling@gmail.com,"120-10 QUEENS BLVD, KEW GARDENS, NY",Toronto
04/06/2017,(718) 993-4525,medusacon@gmail.com,"5 BRUCKNER BOULEVARD, BRONX, NY",Toronto
04/06/2017,(718) 871-7722,portatrucking@gmail.com,"1321  61 STREET, BROOKLYN, NY",Toronto
04/06/2017,(212) 982-1284,64lago@gmail.com,"33-56 11TH STREET, QUEENS, NY",Toronto
04/06/2017,(973) 539-6433,mikep@aquatextransport.com,"51 TARN DRIVE, MORRIS PLAINS, NJ",Toronto
04/06/2017,(212) 689-0332,peter01corp@gmail.com,"P O BOX 5038, WEST BABYLON, NY",Toronto
04/06/2017,(201) 867-4098,greenbaysanitation@gmail.com,"38 POCAHONTAS PATH, LINCOLN PARK, NJ",Toronto
04/06/2017,(973) 274-1002,clutterfreeservice@gmail.com,"P.O. BOX 497, KEARNY, NJ",Toronto
04/06/2017,(212) 470-2359,kosilka@wm.com,"152-154 W. 141 ST APT 3C, NEW YORK, NY",Toronto
04/06/2017,(917) 335-4570,877789junk@gmail.com,"142-28 230TH PL, QUEENS, NY",Toronto
04/06/2017,(718) 498-4763,pernacarting@aol.com,"983 UTICA AVENUE, BROOKLYN, NY",Toronto
04/06/2017,(908) 206-0223,pernacarting@aol.com,"975 FLOYD TERR, UNION, NJ",TORONTO!
